prediction_id,signal_date,expected_buy_date,expected_exit_date,ts_code,name,industry,stage,stage_transition,stage_focus,source_rank,d_close,estimated_up_limit,recommended_max_price,max_auction_change_pct,take_profit_pct,stop_loss_pct,take_profit_price,stop_loss_price,latest_exit_time,exit_policy_version,predicted_net_return,predicted_return_lcb,predicted_return_ucb,predicted_outcome_q10,predicted_outcome_q90,predicted_fill_probability,predicted_exit_probability,predicted_profit_probability,predicted_big_loss_probability,predicted_continuation_limit_up_probability,max_big_loss_probability,big_loss_threshold,min_return_lcb,conservative_ev,selection_score,risk_gate_pass,selected,action,price_action,entry_rule,exit_rule,guidance_only,broker_connected,order_type,market_order_allowed,mechanism_limit_pct,decision_universe_rule,decision_universe_reason,minute_available,model_ready,model_promoted,model_reason,model_version,generated_at_utc,source_snapshot_sha256,feature_contract,observation_max_price,observation_auction_change_pct,observation_price_basis,observation_price_is_formal,observation_rank,stage_watch_rank,observation_pool_size,observation_selected,observation_risk_tier,observation_risk_label,watch_label,validation_mode,observation_execution_mode,prediction_timing_status,prediction_timing_valid,prediction_deadline_utc,validation_status,actual_buy_date,actual_open_price,actual_t_close,market_daily_return,observation_fill,observation_fill_reason,observation_limit_accept,observation_price_vs_cap,market_buyable_diagnostic,market_buyable_reason,observation_t_return,continuation_limit_up_hit,actual_exit_date,actual_exit_price,actual_gross_return,actual_net_return,exit_reason,truth_source,truth_generated_at_utc,path_label_code,path_label,path_explanation,path_days_observed,path_data_coverage,path_strength_latest,path_strength_delta,path_gap_slope,path_first_seal_slope,path_open_times_slope,path_turnover_slope,path_amount_log_slope,path_seal_ratio_slope,path_one_price_ratio,path_weak_to_strong,path_strong_to_weak,path_acceleration_consensus,path_divergence_reseal,stage_pool_size,focus_pool_size,market_max_limit_times,same_industry_stage_count,stage_pool_share,stage_recent_promotion_rate,stage_recent_promotion_samples,market_median_return,market_up_ratio,market_return_dispersion,market_equal_weight_return,market_down_ratio,market_strong_up_ratio,market_strong_down_ratio,market_limit_up_count_log,market_limit_down_count_log,market_limit_up_down_log_ratio,market_failed_limit_up_rate,market_reseal_rate,market_prev_limit_up_mean_return,market_prev_limit_up_positive_rate,market_prev_limit_up_open_gap_mean,market_focus_promotion_rate,market_limit_up_industry_concentration,market_limit_up_amount_top3_share,market_amount_ratio_5d,market_sentiment_score,market_sentiment_delta,market_sentiment_coverage,market_sentiment_acceleration,market_sentiment_regime_code,market_sentiment_regime_label,market_sentiment_breadth_score,market_sentiment_limit_ecology_score,market_sentiment_promotion_score,market_sentiment_profit_effect_score,market_sentiment_liquidity_score,market_eligible_stock_count,market_limit_up_count,market_limit_down_count,market_touched_up_count,market_failed_limit_up_count,market_reseal_count,market_prev_limit_up_sample,market_2_to_3_promotion_rate,market_2_to_3_promotion_samples,market_3_to_4_promotion_rate,market_3_to_4_promotion_samples,market_focus_promotion_samples,market_max_streak,predicted_mean_return_lcb,predicted_mean_return_ucb,model_artifact_sha256,shadow_rank,shadow_selected,gate_policy_ready,gate_stage_focus,gate_exit_probability,gate_fill_probability,gate_big_loss_probability,gate_mean_return_lcb,gate_conservative_ev,gate_selection_score,selection_policy_version,policy_max_big_loss_probability,policy_min_mean_return_lcb,policy_min_fill_probability,policy_min_exit_probability,policy_min_conservative_ev,policy_min_selection_score,policy_max_positions,trade_rank,trade_score,trade_predicted_conditional_net_return,trade_predicted_mean_return_lcb,trade_predicted_fill_probability,trade_predicted_big_loss_probability,trade_gate_pass,trade_shadow_selected,trade_selected,trade_selector_policy_ready,trade_selector_promoted,trade_selector_version,trade_selector_artifact_sha256,trade_model_reason,first_layer_selected,first_layer_shadow_selected,first_layer_model_promoted,promotion_rank,promotion_rank_score,predicted_promotion_probability,promotion_rank_quality_ready,promotion_probability_quality_ready,trade_predicted_public_market_buyable_probability,trade_predicted_outcome_q10,trade_tail_loss_proxy,trade_base_score,trade_tail_risk_weight,predicted_public_market_buyable_probability,predicted_actual_order_fill_probability,actual_order_fill_probability_available,limit_times,diagnostic_gap,recommended_max_gap,trade_selector_canonical_v2_version,trade_selector_artifact_v2_sha256,trade_selector_canonical_schema,trade_selector_canonical_decimals,trade_selector_execution_numeric_mode,trade_selector_raw_execution_preserved,model_canonical_v2_version,model_artifact_v2_sha256,model_canonical_schema,model_canonical_decimals,model_execution_numeric_mode,model_raw_execution_preserved
20260814-603118.SH-auction_v13_five_year_promotion_blend_oos_1,20260814,20260817,20260818,603118.SH,共进股份,通信设备,2→3,2→3,1.0,12.0,17.56,19.32,,,,,,,09:30,tplus1_open_0930_v1,-0.0091265549088912,-0.1005810928069076,0.1054240538885788,-0.1005810928069076,0.1054240538885788,0.1476570787435978,0.9963674917438416,0.3526434203724948,0.3354660503190192,0.1784115632939314,0.45,-0.03,-0.05,-0.0028604368249535,-0.0183324469360565,0.0,0,REJECT,没有安全买入价格，放弃,系统仅供人工参考：T日9:25前仅用限价单参与集合竞价；不得使用无上限市价单，高于上限或未成交均放弃,T+1固定按9:30开盘集合竞价成交价退出；一字跌停无法成交时顺延至首个可成交开盘,1,0,LIMIT_ONLY_MANUAL,0,10.0,a_share_price_limit_le_10_v2,eligible_limit_le_10:10.00%:main_board_10pct,0.0,1,0,selection_policy_not_ready,auction_v13_five_year_promotion_blend_oos_1,2026-08-21T18:15:06+00:00,2c7b80b48e72acbb1848157978a92b41efe233eb0b61fc4c87fae0ff6e0c4989,D_CLOSE_STREAK_PATH_SENTIMENT_V12_OPEN0930_TOP10_META_SELECTOR_NO_T_LEAKAGE,17.3,-1.4806,model_diagnostic_cap,False,1,1,9,1,2,高风险观察,仅观察,market_at_open_proxy,market_at_open_proxy,RETROSPECTIVE_LATE_GENERATION,0,2026-08-17T01:25:00+00:00,FINAL_VERIFIED,20260817,19.26,19.32,0.100228,1.0,filled_market_at_open_proxy,0.0,0.11329479768786133,1.0,market_proxy_buyable,0.0031152647975076775,1.0,20260818,20.15,0.04620976116303188,0.041709761163031885,fixed_open_0930,market_repo_auction,2026-08-26T10:01:20+00:00,DIVERGENCE_RESEAL,分歧回封,路径强度0.61→0.61；竞价斜率+0.78pct/板；首封每板提前3分钟；炸板变化+2.0/板,2.0,1.0,0.6080276117432455,-0.0014754487813136,0.0078331597429133,-2.566666666666606,2.0,0.0041569999999999,0.1226911972718518,-0.0045062778194573,0.0,0.0,0.0,0.0,1.0,9.0,9.0,2.0,1.0,0.1764705882352941,0.1923076923076923,104.0,-0.0020304999999999,0.4332129963898917,0.0276490872117658,-0.0022072395932634,0.5954877661264697,0.0330473466793771,0.0228789323164918,3.970291913552122,2.833213344056216,1.1370785694959058,0.2972972972972973,0.4313725490196078,-0.0109263653846153,0.3653846153846153,0.0191323060056806,,0.0411380238369857,0.4624737953510544,0.8480964730568649,0.4299736242247801,-0.0307876397317667,0.75,,NEUTRAL,震荡,0.4367974756381739,0.6017625748401942,,0.3805956538461538,0.1961929461137297,3147.0,52.0,16.0,74.0,22.0,22.0,52.0,,0.0,,0.0,0.0,2.0,-0.0127905219753776,-0.0054625878424049,419e498f581a38c49457966ee318f4007b522370f839ddfc1d65c0ae1b146ef7,2.0,1.0,0.0,1.0,1.0,1.0,1.0,1.0,0.0,1.0,nested_temporal_utility_v1,0.45,-0.05,0.05,0.9,0.0,-0.023022523477772,1.0,6.0,-0.0154346421345636,-0.0155196917157861,-0.0269577955554809,0.2618242261766613,0.3484312741580623,0.0,0.0,0.0,0.0,0.0,trade_selector_v2_nested_oos_top10_promotion_rank,d0e792ce278c5809fdbaed486bd33ae301140e2abb7c77a24af8caa1a5d8361c,below_learned_policy,0.0,1.0,0.0,8.0,0.3214093525410005,0.2524863080056152,1.0,0.0,0.2618242261766613,-0.1224252969844654,-0.0426568022174764,-0.0070582039607424,0.75,0.1476570787435978,,0.0,2.0,-0.015,,trade_selector_canonical_v2_raw_execution_q8_fingerprint,b5b74f77d86404262c313b404bb316c9003035747c2d02c28db596755bd1444a,dc20_canonical_fingerprint_v2,8.0,raw_float64,True,decision_model_canonical_v2_raw_execution_q8_fingerprint,7cf71e6cd96561e094bd83c2e04136c578b0e35cc965b600772b887eb33c3726,dc20_canonical_fingerprint_v2,8.0,raw_float64,True
20260814-002322.SZ-auction_v13_five_year_promotion_blend_oos_1,20260814,20260817,20260818,002322.SZ,理工能科,软件开发,2→3,2→3,1.0,26.0,13.05,14.36,,,,,,,09:30,tplus1_open_0930_v1,-0.0177357673523267,-0.1091903052503431,0.0968148414451433,-0.1091903052503431,0.0968148414451433,0.1476570787435978,0.998274729875499,0.3526434203724948,0.362727228254922,0.2482025016053719,0.45,-0.03,-0.05,-0.0042383263009985,-0.027315178119429,0.0,0,REJECT,没有安全买入价格，放弃,系统仅供人工参考：T日9:25前仅用限价单参与集合竞价；不得使用无上限市价单，高于上限或未成交均放弃,T+1固定按9:30开盘集合竞价成交价退出；一字跌停无法成交时顺延至首个可成交开盘,1,0,LIMIT_ONLY_MANUAL,0,10.0,a_share_price_limit_le_10_v2,eligible_limit_le_10:10.00%:main_board_10pct,0.0,1,0,selection_policy_not_ready,auction_v13_five_year_promotion_blend_oos_1,2026-08-21T18:15:06+00:00,2c7b80b48e72acbb1848157978a92b41efe233eb0b61fc4c87fae0ff6e0c4989,D_CLOSE_STREAK_PATH_SENTIMENT_V12_OPEN0930_TOP10_META_SELECTOR_NO_T_LEAKAGE,12.4,-4.9808,model_diagnostic_cap,False,2,2,9,1,2,高风险观察,仅观察,market_at_open_proxy,market_at_open_proxy,RETROSPECTIVE_LATE_GENERATION,0,2026-08-17T01:25:00+00:00,FINAL_VERIFIED,20260817,13.66,12.99,-0.004598,1.0,filled_market_at_open_proxy,0.0,0.1016129032258064,1.0,market_proxy_buyable,-0.04904831625183015,0.0,20260818,12.99,-0.04904831625183015,-0.053548316251830146,fixed_open_0930,market_repo_auction,2026-08-26T10:01:20+00:00,DIVERGENCE_RESEAL,分歧回封,路径强度1.00→0.79；竞价斜率-5.55pct/板；首封每板推迟6分钟；炸板变化+1.0/板,2.0,1.0,0.7877119938884644,-0.2122880061115356,-0.055497501775507,6.5,1.0,0.056175,1.6226825598856005,-1.102623786994244,0.5,0.0,0.0,0.0,1.0,9.0,9.0,2.0,1.0,0.1764705882352941,0.1923076923076923,104.0,-0.0020304999999999,0.4332129963898917,0.0276490872117658,-0.0022072395932634,0.5954877661264697,0.0330473466793771,0.0228789323164918,3.970291913552122,2.833213344056216,1.1370785694959058,0.2972972972972973,0.4313725490196078,-0.0109263653846153,0.3653846153846153,0.0191323060056806,,0.0411380238369857,0.4624737953510544,0.8480964730568649,0.4299736242247801,-0.0307876397317667,0.75,,NEUTRAL,震荡,0.4367974756381739,0.6017625748401942,,0.3805956538461538,0.1961929461137297,3147.0,52.0,16.0,74.0,22.0,22.0,52.0,,0.0,,0.0,0.0,2.0,-0.0213997344188131,-0.0140718002858404,419e498f581a38c49457966ee318f4007b522370f839ddfc1d65c0ae1b146ef7,4.0,0.0,0.0,1.0,1.0,1.0,1.0,1.0,0.0,0.0,nested_temporal_utility_v1,0.45,-0.05,0.05,0.9,0.0,-0.023022523477772,1.0,4.0,-0.0133685047108446,-0.0155196917157861,-0.0269577955554809,0.199217239360025,0.4372447566241513,0.0,0.0,0.0,0.0,0.0,trade_selector_v2_nested_oos_top10_promotion_rank,d0e792ce278c5809fdbaed486bd33ae301140e2abb7c77a24af8caa1a5d8361c,below_learned_policy,0.0,0.0,0.0,5.0,0.4571399532589081,0.3491521636584821,1.0,0.0,0.199217239360025,-0.1224252969844654,-0.053529819184612,-0.0053704576097948,0.75,0.1476570787435978,,0.0,2.0,-0.05,,trade_selector_canonical_v2_raw_execution_q8_fingerprint,b5b74f77d86404262c313b404bb316c9003035747c2d02c28db596755bd1444a,dc20_canonical_fingerprint_v2,8.0,raw_float64,True,decision_model_canonical_v2_raw_execution_q8_fingerprint,7cf71e6cd96561e094bd83c2e04136c578b0e35cc965b600772b887eb33c3726,dc20_canonical_fingerprint_v2,8.0,raw_float64,True
20260814-000936.SZ-auction_v13_five_year_promotion_blend_oos_1,20260814,20260817,20260818,000936.SZ,华西股份,化学纤维,2→3,2→3,1.0,14.0,6.97,7.66,,,,,,,09:30,tplus1_open_0930_v1,-0.0054134621647764,-0.0968680000627927,0.1091371466326936,-0.0968680000627927,0.1091371466326936,0.1476570787435978,0.9968903991882252,0.3526434203724948,0.4242406557241669,0.2000362605940089,0.45,-0.03,-0.05,-0.0027015578149911,-0.0171483234953765,0.0,0,REJECT,没有安全买入价格，放弃,系统仅供人工参考：T日9:25前仅用限价单参与集合竞价；不得使用无上限市价单，高于上限或未成交均放弃,T+1固定按9:30开盘集合竞价成交价退出；一字跌停无法成交时顺延至首个可成交开盘,1,0,LIMIT_ONLY_MANUAL,0,10.0,a_share_price_limit_le_10_v2,eligible_limit_le_10:10.00%:main_board_10pct,0.0,1,0,selection_policy_not_ready,auction_v13_five_year_promotion_blend_oos_1,2026-08-21T18:15:06+00:00,2c7b80b48e72acbb1848157978a92b41efe233eb0b61fc4c87fae0ff6e0c4989,D_CLOSE_STREAK_PATH_SENTIMENT_V12_OPEN0930_TOP10_META_SELECTOR_NO_T_LEAKAGE,6.94,-0.4304,model_diagnostic_cap,False,3,3,9,1,2,高风险观察,仅观察,market_at_open_proxy,market_at_open_proxy,RETROSPECTIVE_LATE_GENERATION,0,2026-08-17T01:25:00+00:00,FINAL_VERIFIED,20260817,6.84,6.63,-0.048780000000000004,1.0,filled_market_at_open_proxy,1.0,-0.014409221902017322,1.0,market_proxy_buyable,-0.030701754385964897,0.0,20260818,6.55,-0.042397660818713434,-0.04689766081871343,fixed_open_0930,market_repo_auction,2026-08-26T10:01:20+00:00,DIVERGENCE_RESEAL,分歧回封,路径强度1.00→0.75；竞价斜率+0.04pct/板；首封每板提前5分钟；炸板变化+7.0/板,2.0,1.0,0.75498114642254,-0.2415705777153913,0.0004107518401681,-5.0,7.0,0.1252869999999999,1.7572746257382406,-0.7398354554253243,0.5,0.0,0.0,0.0,1.0,9.0,9.0,2.0,1.0,0.1764705882352941,0.1923076923076923,104.0,-0.0020304999999999,0.4332129963898917,0.0276490872117658,-0.0022072395932634,0.5954877661264697,0.0330473466793771,0.0228789323164918,3.970291913552122,2.833213344056216,1.1370785694959058,0.2972972972972973,0.4313725490196078,-0.0109263653846153,0.3653846153846153,0.0191323060056806,,0.0411380238369857,0.4624737953510544,0.8480964730568649,0.4299736242247801,-0.0307876397317667,0.75,,NEUTRAL,震荡,0.4367974756381739,0.6017625748401942,,0.3805956538461538,0.1961929461137297,3147.0,52.0,16.0,74.0,22.0,22.0,52.0,,0.0,,0.0,0.0,2.0,-0.0090774292312627,-0.00174949509829,419e498f581a38c49457966ee318f4007b522370f839ddfc1d65c0ae1b146ef7,1.0,1.0,0.0,1.0,1.0,1.0,1.0,1.0,0.0,1.0,nested_temporal_utility_v1,0.45,-0.05,0.05,0.9,0.0,-0.023022523477772,1.0,3.0,-0.0118322600905152,-0.0155196917157861,-0.0269577955554809,0.1727218413773055,0.4524872772092749,0.0,0.0,0.0,0.0,0.0,trade_selector_v2_nested_oos_top10_promotion_rank,d0e792ce278c5809fdbaed486bd33ae301140e2abb7c77a24af8caa1a5d8361c,below_learned_policy,0.0,1.0,0.0,9.0,0.2879038775909086,0.2524863080056152,1.0,0.0,0.1727218413773055,-0.1224252969844654,-0.0553958892940376,-0.0046562000878156,0.75,0.1476570787435978,,0.0,2.0,-0.005,,trade_selector_canonical_v2_raw_execution_q8_fingerprint,b5b74f77d86404262c313b404bb316c9003035747c2d02c28db596755bd1444a,dc20_canonical_fingerprint_v2,8.0,raw_float64,True,decision_model_canonical_v2_raw_execution_q8_fingerprint,7cf71e6cd96561e094bd83c2e04136c578b0e35cc965b600772b887eb33c3726,dc20_canonical_fingerprint_v2,8.0,raw_float64,True
20260814-002081.SZ-auction_v13_five_year_promotion_blend_oos_1,20260814,20260817,20260818,002081.SZ,金 螳 螂,装修装饰,2→3,2→3,1.0,6.0,5.29,5.82,,,,,,,09:30,tplus1_open_0930_v1,-0.0068086858088588,-0.0982632237068751,0.1077419229886112,-0.0982632237068751,0.1077419229886112,0.1476570787435978,0.9964800902074163,0.3526434203724948,0.430054356027977,0.2360230018713283,0.45,-0.03,-0.05,-0.0029363547338512,-0.0185585398912271,0.0,0,REJECT,没有安全买入价格，放弃,系统仅供人工参考：T日9:25前仅用限价单参与集合竞价；不得使用无上限市价单，高于上限或未成交均放弃,T+1固定按9:30开盘集合竞价成交价退出；一字跌停无法成交时顺延至首个可成交开盘,1,0,LIMIT_ONLY_MANUAL,0,10.0,a_share_price_limit_le_10_v2,eligible_limit_le_10:10.00%:main_board_10pct,0.0,1,0,selection_policy_not_ready,auction_v13_five_year_promotion_blend_oos_1,2026-08-21T18:15:06+00:00,2c7b80b48e72acbb1848157978a92b41efe233eb0b61fc4c87fae0ff6e0c4989,D_CLOSE_STREAK_PATH_SENTIMENT_V12_OPEN0930_TOP10_META_SELECTOR_NO_T_LEAKAGE,5.37,1.5123,model_diagnostic_cap,False,4,4,9,1,2,高风险观察,仅观察,market_at_open_proxy,market_at_open_proxy,RETROSPECTIVE_LATE_GENERATION,0,2026-08-17T01:25:00+00:00,FINAL_VERIFIED,20260817,5.5,5.82,0.100189,1.0,filled_market_at_open_proxy,0.0,0.024208566108007368,1.0,market_proxy_buyable,0.058181818181818334,1.0,20260818,5.9,0.07272727272727275,0.06822727272727275,fixed_open_0930,market_repo_auction,2026-08-26T10:01:20+00:00,DIVERGENCE_RESEAL,分歧回封,路径强度1.00→0.77；竞价斜率-0.09pct/板；首封每板推迟52分钟；炸板变化+1.0/板,2.0,1.0,0.7651743125903686,-0.2348256874096314,-0.0008943990637353,51.79999999999996,1.0,0.186866,3.0046273794620437,-2.3622802576623134,0.5,0.0,0.0,0.0,1.0,9.0,9.0,2.0,1.0,0.1764705882352941,0.1923076923076923,104.0,-0.0020304999999999,0.4332129963898917,0.0276490872117658,-0.0022072395932634,0.5954877661264697,0.0330473466793771,0.0228789323164918,3.970291913552122,2.833213344056216,1.1370785694959058,0.2972972972972973,0.4313725490196078,-0.0109263653846153,0.3653846153846153,0.0191323060056806,,0.0411380238369857,0.4624737953510544,0.8480964730568649,0.4299736242247801,-0.0307876397317667,0.75,,NEUTRAL,震荡,0.4367974756381739,0.6017625748401942,,0.3805956538461538,0.1961929461137297,3147.0,52.0,16.0,74.0,22.0,22.0,52.0,,0.0,,0.0,0.0,2.0,-0.0104726528753452,-0.0031447187423724,419e498f581a38c49457966ee318f4007b522370f839ddfc1d65c0ae1b146ef7,3.0,0.0,0.0,1.0,1.0,1.0,1.0,1.0,0.0,1.0,nested_temporal_utility_v1,0.45,-0.05,0.05,0.9,0.0,-0.023022523477772,1.0,7.0,-0.0161947185020783,-0.0155196917157861,-0.0269577955554809,0.2279131317443768,0.4802792153411256,0.0,0.0,0.0,0.0,0.0,trade_selector_v2_nested_oos_top10_promotion_rank,d0e792ce278c5809fdbaed486bd33ae301140e2abb7c77a24af8caa1a5d8361c,below_learned_policy,0.0,0.0,0.0,6.0,0.4488854304911375,0.3491521636584821,1.0,0.0,0.2279131317443768,-0.1224252969844654,-0.0587983255736033,-0.0061440356099743,0.75,0.1476570787435978,,0.0,2.0,0.0149999999999999,,trade_selector_canonical_v2_raw_execution_q8_fingerprint,b5b74f77d86404262c313b404bb316c9003035747c2d02c28db596755bd1444a,dc20_canonical_fingerprint_v2,8.0,raw_float64,True,decision_model_canonical_v2_raw_execution_q8_fingerprint,7cf71e6cd96561e094bd83c2e04136c578b0e35cc965b600772b887eb33c3726,dc20_canonical_fingerprint_v2,8.0,raw_float64,True
20260814-002172.SZ-auction_v13_five_year_promotion_blend_oos_1,20260814,20260817,20260818,002172.SZ,澳洋健康,医疗服务,2→3,2→3,1.0,46.0,4.54,4.99,,,,,,,09:30,tplus1_open_0930_v1,-0.0390368161571618,-0.1304913540551781,0.0755137926403082,-0.1304913540551781,0.0755137926403082,0.1476570787435978,0.9973059622635536,0.3526434203724948,0.4365906958243168,0.2972528769624281,0.45,-0.03,-0.05,-0.0077179231268884,-0.0506353174551578,0.0,0,SHADOW_ONLY,没有安全买入价格，放弃,系统仅供人工参考：T日9:25前仅用限价单参与集合竞价；不得使用无上限市价单，高于上限或未成交均放弃,T+1固定按9:30开盘集合竞价成交价退出；一字跌停无法成交时顺延至首个可成交开盘,1,0,LIMIT_ONLY_MANUAL,0,10.0,a_share_price_limit_le_10_v2,eligible_limit_le_10:10.00%:main_board_10pct,0.0,1,0,selection_policy_not_ready,auction_v13_five_year_promotion_blend_oos_1,2026-08-21T18:15:06+00:00,2c7b80b48e72acbb1848157978a92b41efe233eb0b61fc4c87fae0ff6e0c4989,D_CLOSE_STREAK_PATH_SENTIMENT_V12_OPEN0930_TOP10_META_SELECTOR_NO_T_LEAKAGE,4.4,-3.0837,model_diagnostic_cap,False,5,5,9,1,2,高风险观察,仅观察,market_at_open_proxy,market_at_open_proxy,RETROSPECTIVE_LATE_GENERATION,0,2026-08-17T01:25:00+00:00,FINAL_VERIFIED,20260817,4.7,4.99,0.099119,1.0,filled_market_at_open_proxy,0.0,0.06818181818181812,1.0,market_proxy_buyable,0.06170212765957439,1.0,20260818,4.69,-0.0021276595744681437,-0.006627659574468143,fixed_open_0930,market_repo_auction,2026-08-26T10:01:20+00:00,STABLE_STRONG,持续强势,路径强度1.00→1.00；竞价斜率-0.21pct/板；首封每板推迟0分钟；炸板变化+0.0/板,2.0,1.0,1.0,0.0,-0.0020597255851491,0.0,0.0,-0.0055269999999999,-0.1053315138080677,0.5283251394509301,1.0,0.0,0.0,0.0,0.0,9.0,9.0,2.0,1.0,0.1764705882352941,0.1923076923076923,104.0,-0.0020304999999999,0.4332129963898917,0.0276490872117658,-0.0022072395932634,0.5954877661264697,0.0330473466793771,0.0228789323164918,3.970291913552122,2.833213344056216,1.1370785694959058,0.2972972972972973,0.4313725490196078,-0.0109263653846153,0.3653846153846153,0.0191323060056806,,0.0411380238369857,0.4624737953510544,0.8480964730568649,0.4299736242247801,-0.0307876397317667,0.75,,NEUTRAL,震荡,0.4367974756381739,0.6017625748401942,,0.3805956538461538,0.1961929461137297,3147.0,52.0,16.0,74.0,22.0,22.0,52.0,,0.0,,0.0,0.0,2.0,-0.0427007832236482,-0.0353728490906754,419e498f581a38c49457966ee318f4007b522370f839ddfc1d65c0ae1b146ef7,5.0,0.0,0.0,1.0,1.0,1.0,1.0,1.0,0.0,0.0,nested_temporal_utility_v1,0.45,-0.05,0.05,0.9,0.0,-0.023022523477772,1.0,2.0,-0.0083546512681964,-0.0155196917157861,-0.0269577955554809,0.1201612671465572,0.4636390280984966,1.0,1.0,0.0,0.0,0.0,trade_selector_v2_nested_oos_top10_promotion_rank,d0e792ce278c5809fdbaed486bd33ae301140e2abb7c77a24af8caa1a5d8361c,relative_best_two_only,0.0,0.0,0.0,2.0,0.6854379130563979,0.5665399239543726,1.0,0.0,0.1201612671465572,-0.1224252969844654,-0.0567611457085473,-0.0032392828734244,0.75,0.1476570787435978,,0.0,2.0,-0.03,,trade_selector_canonical_v2_raw_execution_q8_fingerprint,b5b74f77d86404262c313b404bb316c9003035747c2d02c28db596755bd1444a,dc20_canonical_fingerprint_v2,8.0,raw_float64,True,decision_model_canonical_v2_raw_execution_q8_fingerprint,7cf71e6cd96561e094bd83c2e04136c578b0e35cc965b600772b887eb33c3726,dc20_canonical_fingerprint_v2,8.0,raw_float64,True
20260814-600613.SH-auction_v13_five_year_promotion_blend_oos_1,20260814,20260817,20260818,600613.SH,神奇制药,化学制药,2→3,2→3,1.0,28.0,6.41,7.05,,,,,,,09:30,tplus1_open_0930_v1,-0.0419991612991635,-0.1334536991971798,0.0725514474983065,-0.1334536991971798,0.0725514474983065,0.1476570787435978,0.998029288924446,0.3526434203724948,0.5022211793554298,0.3079645860330968,0.45,-0.03,-0.05,-0.0084407183059424,-0.055476852224695,0.0,0,REJECT,没有安全买入价格，放弃,系统仅供人工参考：T日9:25前仅用限价单参与集合竞价；不得使用无上限市价单，高于上限或未成交均放弃,T+1固定按9:30开盘集合竞价成交价退出；一字跌停无法成交时顺延至首个可成交开盘,1,0,LIMIT_ONLY_MANUAL,0,10.0,a_share_price_limit_le_10_v2,eligible_limit_le_10:10.00%:main_board_10pct,0.0,1,0,selection_policy_not_ready,auction_v13_five_year_promotion_blend_oos_1,2026-08-21T18:15:06+00:00,2c7b80b48e72acbb1848157978a92b41efe233eb0b61fc4c87fae0ff6e0c4989,D_CLOSE_STREAK_PATH_SENTIMENT_V12_OPEN0930_TOP10_META_SELECTOR_NO_T_LEAKAGE,6.41,0.0,model_diagnostic_cap,False,6,6,9,1,2,高风险观察,仅观察,market_at_open_proxy,market_at_open_proxy,RETROSPECTIVE_LATE_GENERATION,0,2026-08-17T01:25:00+00:00,FINAL_VERIFIED,20260817,6.9,7.05,0.099844,1.0,filled_market_at_open_proxy,0.0,0.07644305772230897,1.0,market_proxy_buyable,0.021739130434782483,1.0,20260818,7.76,0.12463768115942009,0.12013768115942008,fixed_open_0930,market_repo_auction,2026-08-26T10:01:20+00:00,ACCELERATION_CONSENSUS,加速一致,路径强度0.77→1.00；竞价斜率+9.95pct/板；首封每板提前40分钟；炸板变化+0.0/板,2.0,1.0,1.0,0.2314393939393939,0.0994854202401371,-39.56666666666672,0.0,-0.022684,-0.4991590408645088,1.0955333039447384,0.5,0.0,0.0,1.0,0.0,9.0,9.0,2.0,1.0,0.1764705882352941,0.1923076923076923,104.0,-0.0020304999999999,0.4332129963898917,0.0276490872117658,-0.0022072395932634,0.5954877661264697,0.0330473466793771,0.0228789323164918,3.970291913552122,2.833213344056216,1.1370785694959058,0.2972972972972973,0.4313725490196078,-0.0109263653846153,0.3653846153846153,0.0191323060056806,,0.0411380238369857,0.4624737953510544,0.8480964730568649,0.4299736242247801,-0.0307876397317667,0.75,,NEUTRAL,震荡,0.4367974756381739,0.6017625748401942,,0.3805956538461538,0.1961929461137297,3147.0,52.0,16.0,74.0,22.0,22.0,52.0,,0.0,,0.0,0.0,2.0,-0.0456631283656499,-0.0383351942326771,419e498f581a38c49457966ee318f4007b522370f839ddfc1d65c0ae1b146ef7,6.0,0.0,0.0,1.0,1.0,1.0,0.0,1.0,0.0,0.0,nested_temporal_utility_v1,0.45,-0.05,0.05,0.9,0.0,-0.023022523477772,1.0,5.0,-0.0137633331408105,-0.0155196917157861,-0.0269577955554809,0.2077914364418271,0.4277818613140995,0.0,0.0,0.0,0.0,0.0,trade_selector_v2_nested_oos_top10_promotion_rank,d0e792ce278c5809fdbaed486bd33ae301140e2abb7c77a24af8caa1a5d8361c,below_learned_policy,0.0,0.0,0.0,3.0,0.6275485426370132,0.528225806451613,1.0,0.0,0.2077914364418271,-0.1224252969844654,-0.052371321415946,-0.0056015990617784,0.75,0.1476570787435978,,0.0,2.0,-2.775557561562892e-17,,trade_selector_canonical_v2_raw_execution_q8_fingerprint,b5b74f77d86404262c313b404bb316c9003035747c2d02c28db596755bd1444a,dc20_canonical_fingerprint_v2,8.0,raw_float64,True,decision_model_canonical_v2_raw_execution_q8_fingerprint,7cf71e6cd96561e094bd83c2e04136c578b0e35cc965b600772b887eb33c3726,dc20_canonical_fingerprint_v2,8.0,raw_float64,True
20260814-002724.SZ-auction_v13_five_year_promotion_blend_oos_1,20260814,20260817,20260818,002724.SZ,海洋王,照明设备,2→3,2→3,1.0,16.0,6.78,7.46,,,,,,,09:30,tplus1_open_0930_v1,-0.0592700860645481,-0.1507246239625644,0.0552805227329219,-0.1507246239625644,0.0552805227329219,0.1476570787435978,0.9889578219810802,0.3526434203724948,0.5055313234337556,0.2721032220180112,0.45,-0.03,-0.05,-0.0110725289055832,-0.0734799614796731,0.0,0,REJECT,没有安全买入价格，放弃,系统仅供人工参考：T日9:25前仅用限价单参与集合竞价；不得使用无上限市价单，高于上限或未成交均放弃,T+1固定按9:30开盘集合竞价成交价退出；一字跌停无法成交时顺延至首个可成交开盘,1,0,LIMIT_ONLY_MANUAL,0,10.0,a_share_price_limit_le_10_v2,eligible_limit_le_10:10.00%:main_board_10pct,0.0,1,0,selection_policy_not_ready,auction_v13_five_year_promotion_blend_oos_1,2026-08-21T18:15:06+00:00,2c7b80b48e72acbb1848157978a92b41efe233eb0b61fc4c87fae0ff6e0c4989,D_CLOSE_STREAK_PATH_SENTIMENT_V12_OPEN0930_TOP10_META_SELECTOR_NO_T_LEAKAGE,6.47,-4.5723,model_diagnostic_cap,False,7,7,9,1,2,高风险观察,仅观察,market_at_open_proxy,market_at_open_proxy,RETROSPECTIVE_LATE_GENERATION,0,2026-08-17T01:25:00+00:00,FINAL_VERIFIED,20260817,6.98,7.18,0.058997,1.0,filled_market_at_open_proxy,0.0,0.07882534775888739,1.0,market_proxy_buyable,0.02865329512893977,0.0,20260818,6.83,-0.021489971346704828,-0.02598997134670483,fixed_open_0930,market_repo_auction,2026-08-26T10:01:20+00:00,WEAK_TO_STRONG,弱转强,路径强度0.55→0.99；竞价斜率+9.74pct/板；首封每板提前271分钟；炸板变化+0.0/板,2.0,1.0,0.993548387096774,0.4397302052785922,0.0974025974025973,-270.79999999999995,0.0,-0.004541,0.0088280941294556,0.388888609940783,0.0,1.0,0.0,0.0,0.0,9.0,9.0,2.0,1.0,0.1764705882352941,0.1923076923076923,104.0,-0.0020304999999999,0.4332129963898917,0.0276490872117658,-0.0022072395932634,0.5954877661264697,0.0330473466793771,0.0228789323164918,3.970291913552122,2.833213344056216,1.1370785694959058,0.2972972972972973,0.4313725490196078,-0.0109263653846153,0.3653846153846153,0.0191323060056806,,0.0411380238369857,0.4624737953510544,0.8480964730568649,0.4299736242247801,-0.0307876397317667,0.75,,NEUTRAL,震荡,0.4367974756381739,0.6017625748401942,,0.3805956538461538,0.1961929461137297,3147.0,52.0,16.0,74.0,22.0,22.0,52.0,,0.0,,0.0,0.0,2.0,-0.0629340531310345,-0.0556061189980617,419e498f581a38c49457966ee318f4007b522370f839ddfc1d65c0ae1b146ef7,9.0,0.0,0.0,1.0,1.0,1.0,0.0,0.0,0.0,0.0,nested_temporal_utility_v1,0.45,-0.05,0.05,0.9,0.0,-0.023022523477772,1.0,8.0,-0.0204856470061454,-0.0155196917157861,-0.0269577955554809,0.315461760565469,0.4136488288078084,0.0,0.0,0.0,0.0,0.0,trade_selector_v2_nested_oos_top10_promotion_rank,d0e792ce278c5809fdbaed486bd33ae301140e2abb7c77a24af8caa1a5d8361c,below_learned_policy,0.0,0.0,0.0,4.0,0.5205786618747478,0.4446209864283349,1.0,0.0,0.315461760565469,-0.1224252969844654,-0.0506410807140722,-0.0085041536468959,0.75,0.1476570787435978,,0.0,2.0,-0.045,,trade_selector_canonical_v2_raw_execution_q8_fingerprint,b5b74f77d86404262c313b404bb316c9003035747c2d02c28db596755bd1444a,dc20_canonical_fingerprint_v2,8.0,raw_float64,True,decision_model_canonical_v2_raw_execution_q8_fingerprint,7cf71e6cd96561e094bd83c2e04136c578b0e35cc965b600772b887eb33c3726,dc20_canonical_fingerprint_v2,8.0,raw_float64,True
20260814-603330.SH-auction_v13_five_year_promotion_blend_oos_1,20260814,20260817,20260818,603330.SH,天洋新材,塑料,2→3,2→3,1.0,19.0,10.68,11.75,,,,,,,09:30,tplus1_open_0930_v1,-0.0545557714282678,-0.1460103093262841,0.0599948373692022,-0.1460103093262841,0.0599948373692022,0.1476570787435978,0.9978332345311908,0.3526434203724948,0.5057301651886787,0.1640246684023085,0.45,-0.03,-0.05,-0.0103117819154021,-0.0688682342366135,0.0,0,REJECT,没有安全买入价格，放弃,系统仅供人工参考：T日9:25前仅用限价单参与集合竞价；不得使用无上限市价单，高于上限或未成交均放弃,T+1固定按9:30开盘集合竞价成交价退出；一字跌停无法成交时顺延至首个可成交开盘,1,0,LIMIT_ONLY_MANUAL,0,10.0,a_share_price_limit_le_10_v2,eligible_limit_le_10:10.00%:main_board_10pct,0.0,1,0,selection_policy_not_ready,auction_v13_five_year_promotion_blend_oos_1,2026-08-21T18:15:06+00:00,2c7b80b48e72acbb1848157978a92b41efe233eb0b61fc4c87fae0ff6e0c4989,D_CLOSE_STREAK_PATH_SENTIMENT_V12_OPEN0930_TOP10_META_SELECTOR_NO_T_LEAKAGE,10.15,-4.9625,model_diagnostic_cap,False,8,8,9,1,2,高风险观察,仅观察,market_at_open_proxy,market_at_open_proxy,RETROSPECTIVE_LATE_GENERATION,0,2026-08-17T01:25:00+00:00,FINAL_VERIFIED,20260817,11.75,11.75,0.10018700000000001,1.0,filled_market_at_open_proxy,0.0,0.1576354679802956,0.0,opening_auction_limit_up_unconfirmed,0.0,1.0,20260818,12.93,0.10042553191489367,0.09592553191489367,fixed_open_0930,market_repo_auction,2026-08-26T10:01:20+00:00,ACCELERATION_CONSENSUS,加速一致,路径强度0.59→0.90；竞价斜率+3.13pct/板；首封每板提前44分钟；炸板变化-7.0/板,2.0,1.0,0.8982569509528271,0.3054503704331559,0.0313135283353138,-43.83333333333337,-7.0,-0.1037749999999999,-0.8561737657784683,0.2750229940162852,0.0,0.0,0.0,1.0,0.0,9.0,9.0,2.0,1.0,0.1764705882352941,0.1923076923076923,104.0,-0.0020304999999999,0.4332129963898917,0.0276490872117658,-0.0022072395932634,0.5954877661264697,0.0330473466793771,0.0228789323164918,3.970291913552122,2.833213344056216,1.1370785694959058,0.2972972972972973,0.4313725490196078,-0.0109263653846153,0.3653846153846153,0.0191323060056806,,0.0411380238369857,0.4624737953510544,0.8480964730568649,0.4299736242247801,-0.0307876397317667,0.75,,NEUTRAL,震荡,0.4367974756381739,0.6017625748401942,,0.3805956538461538,0.1961929461137297,3147.0,52.0,16.0,74.0,22.0,22.0,52.0,,0.0,,0.0,0.0,2.0,-0.0582197384947542,-0.0508918043617814,419e498f581a38c49457966ee318f4007b522370f839ddfc1d65c0ae1b146ef7,7.0,0.0,0.0,1.0,1.0,1.0,0.0,0.0,0.0,0.0,nested_temporal_utility_v1,0.45,-0.05,0.05,0.9,0.0,-0.023022523477772,1.0,9.0,-0.022404525670169,-0.0155196917157861,-0.0269577955554809,0.3926440916479561,0.3278500067636858,0.0,0.0,0.0,0.0,0.0,trade_selector_v2_nested_oos_top10_promotion_rank,d0e792ce278c5809fdbaed486bd33ae301140e2abb7c77a24af8caa1a5d8361c,below_learned_policy,0.0,0.0,0.0,7.0,0.4377819356822237,0.3491521636584821,1.0,0.0,0.3926440916479561,-0.1224252969844654,-0.0401371344444032,-0.0105848191487131,0.75,0.1476570787435978,,0.0,2.0,-0.05,,trade_selector_canonical_v2_raw_execution_q8_fingerprint,b5b74f77d86404262c313b404bb316c9003035747c2d02c28db596755bd1444a,dc20_canonical_fingerprint_v2,8.0,raw_float64,True,decision_model_canonical_v2_raw_execution_q8_fingerprint,7cf71e6cd96561e094bd83c2e04136c578b0e35cc965b600772b887eb33c3726,dc20_canonical_fingerprint_v2,8.0,raw_float64,True
20260814-001260.SZ-auction_v13_five_year_promotion_blend_oos_1,20260814,20260817,20260818,001260.SZ,坤泰股份,汽车零部件,2→3,2→3,1.0,34.0,23.13,25.44,,,,,,,09:30,tplus1_open_0930_v1,-0.0558925264354011,-0.1473470643334174,0.0586580823620689,-0.1473470643334174,0.0586580823620689,0.1476570787435978,0.9966898480099974,0.3526434203724948,0.5300692634997602,0.3124373006000851,0.45,-0.03,-0.05,-0.010625419915107,-0.07025026835815,0.0,0,SHADOW_ONLY,没有安全买入价格，放弃,系统仅供人工参考：T日9:25前仅用限价单参与集合竞价；不得使用无上限市价单，高于上限或未成交均放弃,T+1固定按9:30开盘集合竞价成交价退出；一字跌停无法成交时顺延至首个可成交开盘,1,0,LIMIT_ONLY_MANUAL,0,10.0,a_share_price_limit_le_10_v2,eligible_limit_le_10:10.00%:main_board_10pct,0.0,1,0,selection_policy_not_ready,auction_v13_five_year_promotion_blend_oos_1,2026-08-21T18:15:06+00:00,2c7b80b48e72acbb1848157978a92b41efe233eb0b61fc4c87fae0ff6e0c4989,D_CLOSE_STREAK_PATH_SENTIMENT_V12_OPEN0930_TOP10_META_SELECTOR_NO_T_LEAKAGE,24.63,6.4851,model_diagnostic_cap,False,9,9,9,1,2,高风险观察,仅观察,market_at_open_proxy,market_at_open_proxy,RETROSPECTIVE_LATE_GENERATION,0,2026-08-17T01:25:00+00:00,FINAL_VERIFIED,20260817,22.0,21.9,-0.053178,1.0,filled_market_at_open_proxy,1.0,-0.10678034916768164,1.0,market_proxy_buyable,-0.00454545454545463,0.0,20260818,20.36,-0.07454545454545458,-0.07904545454545459,fixed_open_0930,market_repo_auction,2026-08-26T10:01:20+00:00,STABLE_STRONG,持续强势,路径强度1.00→1.00；竞价斜率-0.00pct/板；首封每板推迟0分钟；炸板变化+0.0/板,2.0,1.0,1.0,0.0,-3.80508418937886e-05,0.0,0.0,-0.0053549999999999,-0.2940780354524221,3.982838484331987,1.0,0.0,0.0,0.0,0.0,9.0,9.0,2.0,1.0,0.1764705882352941,0.1923076923076923,104.0,-0.0020304999999999,0.4332129963898917,0.0276490872117658,-0.0022072395932634,0.5954877661264697,0.0330473466793771,0.0228789323164918,3.970291913552122,2.833213344056216,1.1370785694959058,0.2972972972972973,0.4313725490196078,-0.0109263653846153,0.3653846153846153,0.0191323060056806,,0.0411380238369857,0.4624737953510544,0.8480964730568649,0.4299736242247801,-0.0307876397317667,0.75,,NEUTRAL,震荡,0.4367974756381739,0.6017625748401942,,0.3805956538461538,0.1961929461137297,3147.0,52.0,16.0,74.0,22.0,22.0,52.0,,0.0,,0.0,0.0,2.0,-0.0595564935018875,-0.0522285593689147,419e498f581a38c49457966ee318f4007b522370f839ddfc1d65c0ae1b146ef7,8.0,0.0,0.0,1.0,1.0,1.0,0.0,0.0,0.0,0.0,nested_temporal_utility_v1,0.45,-0.05,0.05,0.9,0.0,-0.023022523477772,1.0,1.0,-0.0052833021410921,-0.0155196917157861,-0.0269577955554809,0.0772913937698974,0.450863652017867,1.0,1.0,0.0,0.0,0.0,trade_selector_v2_nested_oos_top10_promotion_rank,d0e792ce278c5809fdbaed486bd33ae301140e2abb7c77a24af8caa1a5d8361c,relative_best_two_only,0.0,0.0,0.0,1.0,0.8457792176951503,0.9378161628624304,1.0,0.0,0.0772913937698974,-0.1224252969844654,-0.055197116497788,-0.002083605591447,0.75,0.1476570787435978,,0.0,2.0,0.0649999999999999,,trade_selector_canonical_v2_raw_execution_q8_fingerprint,b5b74f77d86404262c313b404bb316c9003035747c2d02c28db596755bd1444a,dc20_canonical_fingerprint_v2,8.0,raw_float64,True,decision_model_canonical_v2_raw_execution_q8_fingerprint,7cf71e6cd96561e094bd83c2e04136c578b0e35cc965b600772b887eb33c3726,dc20_canonical_fingerprint_v2,8.0,raw_float64,True
