signal_date,ts_code,name,industry,stage,stage_transition,board,generated_at_utc,identity,feature_snapshot_sha256,top10_selected,promotion_rank,predicted_promotion_probability,source_rank,d_close,estimated_up_limit,mechanism_limit_pct,decision_universe_rule,decision_universe_reason,prior_probability,strength_score,theme_boost,final_score,intraday_quality,intraday_risk,intraday_hard_risk,auction_strength,intraday_confidence,stage_quality,stage_risk,stage_prior,limit_times,open_board_count,reseal_score,late_withdraw,d_return,d_range,d_turnover_proxy,d_amount_log,limit_open_times,limit_first_time_minutes,limit_last_time_minutes,limit_fd_amount_log,limit_seal_to_amount,limit_seal_to_float_mv,d_turnover_rate,d_volume_ratio,d_float_mv_log,order_to_d_amount,order_to_float_mv,is_hot_board,board_rank,board_limit_up_count,d_amount_percentile,market_median_return,market_up_ratio,market_return_dispersion,market_equal_weight_return,market_down_ratio,market_strong_up_ratio,market_strong_down_ratio,market_limit_up_count_log,market_limit_down_count_log,market_limit_up_down_log_ratio,market_failed_limit_up_rate,market_reseal_rate,market_prev_limit_up_mean_return,market_prev_limit_up_positive_rate,market_prev_limit_up_open_gap_mean,market_focus_promotion_rate,market_limit_up_industry_concentration,market_limit_up_amount_top3_share,market_amount_ratio_5d,market_sentiment_score,market_sentiment_delta,market_sentiment_coverage,market_sentiment_acceleration,market_sentiment_regime_code,market_sentiment_regime_label,market_sentiment_breadth_score,market_sentiment_limit_ecology_score,market_sentiment_promotion_score,market_sentiment_profit_effect_score,market_sentiment_liquidity_score,market_eligible_stock_count,market_limit_up_count,market_limit_down_count,market_touched_up_count,market_failed_limit_up_count,market_reseal_count,market_prev_limit_up_sample,market_2_to_3_promotion_rate,market_2_to_3_promotion_samples,market_3_to_4_promotion_rate,market_3_to_4_promotion_samples,market_focus_promotion_samples,market_max_streak,relative_d_return,minute_available,minute_realized_vol,minute_first_30m_return,minute_last_30m_return,minute_vwap_deviation,minute_opening_volume_share,minute_closing_volume_share,minute_close_location,limit_ratio,proposed_gap,path_days_observed,path_data_coverage,path_strength_latest,path_strength_delta,path_gap_slope,path_first_seal_slope,path_open_times_slope,path_turnover_slope,path_amount_log_slope,path_seal_ratio_slope,path_one_price_ratio,path_weak_to_strong,path_strong_to_weak,path_acceleration_consensus,path_divergence_reseal,path_label_code,path_label,path_explanation,five_year_pre_streak_1d_return,five_year_pre_streak_3d_return,five_year_pre_streak_volatility,five_year_pre_streak_limit_up_count,five_year_recent_limit_up_count,five_year_days_since_prior_limit_up,five_year_streak_runup,five_year_price_log,five_year_stock_prior_rate,five_year_stock_prior_samples_log,stage_pool_size,focus_pool_size,market_max_limit_times,same_industry_stage_count,stage_pool_share,stage_recent_promotion_rate,stage_recent_promotion_samples,five_year_stage_board_prior_rate,five_year_stage_prior_rate,five_year_recent_20d_rate,five_year_recent_60d_rate,five_year_prior_samples_log,five_year_recent_60d_samples_log,five_year_regime_delta,five_year_board_stage_delta,stage2_pool_size,stage3_pool_size,d_open,d_high,d_low,d_volume,d_amount,d_pct_change,d_turnover_pct,returns_1d,high_low_range,candle_body,gap_open,vol,volume_ratio,volatility_5d,volatility_10d,volatility_20d,atr,ret_2d,ret_5d,ret_10d,bid_ask_proxy,spread_proxy,promotion_pool_size,three_rank_contract_version,promotion_rank_score,big_loss_safety_rank,predicted_big_loss_probability,big_loss_rank_score,profit_rank,predicted_profit_probability,profit_rank_score,p_fill_shadow_probability,p_fill_shadow_score,p_fill_shadow_rank,top10_members_sha256,p_fill_shadow_status,promotion_model_status,promotion_model_version,promotion_model_as_of_date,promotion_model_artifact_sha256,promotion_validation_gate_pass_count,promotion_validation_gate_total_count,promotion_validation_gate_score_pct,big_loss_model_status,big_loss_model_version,big_loss_model_as_of_date,big_loss_model_artifact_sha256,big_loss_validation_gate_pass_count,big_loss_validation_gate_total_count,big_loss_validation_gate_score_pct,profit_model_status,profit_model_version,profit_model_as_of_date,profit_model_artifact_sha256,profit_validation_gate_pass_count,profit_validation_gate_total_count,profit_validation_gate_score_pct,p_fill_shadow_model_version,p_fill_shadow_model_as_of_date,p_fill_shadow_model_artifact_sha256,p_fill_shadow_validation_gate_pass_count,p_fill_shadow_validation_gate_total_count,p_fill_shadow_validation_gate_score_pct
20260828,600540.SH,新赛股份,种植业,2.0,2→3,SH_MAIN,2026-08-28T14:36:01+00:00,20260828|600540.SH|2→3,0bf5c9f5a1ec762d455d77c7c31d6e1d22bc4ade0e5d39c619deee3ad5e438ab,1,1,0.7315741223905382,17.0,5.05,5.56,10.0,a_share_price_limit_le_10_v2,eligible_limit_le_10:10.00%:main_board_10pct,0.2296006363775544,59.426666,0.0164,0.27201,0.858,0.07,0.0,1.0,1.0,0.92,0.015,0.35,2.0,0.0,0.65,0.0,0.10021786492374729,0.0,0.0,10.169361650326085,0.0,565.05,565.05,19.06004957123788,7.264292911236065,0.06455429707792172,0.008887,0.17,21.800298160448722,0.0038328250496274187,3.4060483232806135e-05,1.0,10.0,3.0,0.09969352803317108,0.002241,0.5431764917973679,0.0321772005926122,0.006813413617562837,0.34934775692014,0.041361756283805284,0.00922685332484887,4.382026634673881,1.6094379124341003,2.772588722239781,0.24761904761904763,0.47435897435897434,0.025488428571428575,0.5857142857142857,0.03235878843529105,0.46153846153846156,0.031229454306377386,0.2161825309820138,1.0928389419298958,0.6369284033798721,-0.04329334582511013,1.0,-0.1599076946132184,EXPANSION,发酵,0.6302498008802631,0.7756098400232676,0.46153846153846156,0.6872162857142858,0.6856778838597917,3143.0,79.0,4.0,105.0,26.0,37.0,70.0,0.375,8.0,0.6,5.0,13.0,7.0,0.0979768649237473,0.0,,,,,,,,0.10021786492374729,,2.0,1.0,1.0,0.0,-0.0005015595366844039,0.01666666666665151,0.0,-0.006355999999999999,-0.44410081220118514,3.283947339168575,1.0,0.0,0.0,0.0,0.0,STABLE_STRONG,持续强势,路径强度1.00→1.00；竞价斜率-0.05pct/板；首封每板推迟0分钟；炸板变化+0.0/板,0.014598540145985384,0.05569620253164542,0.005002276700281289,0.0,2.0,6.0,0.21103117505995206,1.80005827204275,0.3,1.791759469228055,9.0,12.0,3.0,1.0,0.75,,0.0,0.3590569122925424,0.3608475147559774,0.3100063946396115,0.2758866679864216,8.33375100695358,5.529429087511423,-0.0831702443061208,-0.0017906024634350426,9.0,3.0,5.05,5.05,5.05,51664.19,26090.416,10.02178649237473,0.8887,10.02178649237473,0.0,0.0,0.10021786492374728,51664.19,0.1702818803395816,0.04046828077947105,0.05073701019035147,0.04473943027836657,0.056080441971568605,0.21103117505995206,0.2784810126582278,0.3082901554404145,0.0,0.0,12,decision_three_rank_v1,0.7311120536367179,,,,,,,,,,2b712df8413633caf4c6736c4fea3a8f01c72b8266ea2e505f7f7c924318d01e,SHADOW_NOT_READY_PRIMARY_ONLY,READY,decision_three_engine_models_v2:promotion:20260709:hgb:platt,20260709,b7837d7001917a9c7bcc8814a09b45c6460f36a1adf6a7b5dcc024b4adc5f79c,26,26,100.0,NOT_READY_PRIMARY_ONLY,,,,,,,NOT_READY_PRIMARY_ONLY,,,,,,,,,,,,
20260828,002886.SZ,沃特股份,塑料,2.0,2→3,SZ_MAIN,2026-08-28T14:36:01+00:00,20260828|002886.SZ|2→3,0bf5c9f5a1ec762d455d77c7c31d6e1d22bc4ade0e5d39c619deee3ad5e438ab,1,2,0.6028465363572788,20.0,26.4,29.04,10.0,a_share_price_limit_le_10_v2,eligible_limit_le_10:10.00%:main_board_10pct,0.2252305335836803,58.124102,0.0164,0.266346,0.858,0.07,0.0,1.0,1.0,0.92,0.015,0.35,2.0,0.0,0.65,0.0,0.09999999999999987,0.0,0.0,11.626752240495415,0.0,565.0,565.0,19.39633774766437,2.367510896454235,0.04806288618451805,0.020301,0.15,22.431582740776157,0.0008924204942581665,1.8117046349607257e-05,0.0,,,0.5000901388137732,0.002241,0.5431764917973679,0.0321772005926122,0.006813413617562837,0.34934775692014,0.041361756283805284,0.00922685332484887,4.382026634673881,1.6094379124341003,2.772588722239781,0.24761904761904763,0.47435897435897434,0.025488428571428575,0.5857142857142857,0.03235878843529105,0.46153846153846156,0.031229454306377386,0.2161825309820138,1.0928389419298958,0.6369284033798721,-0.04329334582511013,1.0,-0.1599076946132184,EXPANSION,发酵,0.6302498008802631,0.7756098400232676,0.46153846153846156,0.6872162857142858,0.6856778838597917,3143.0,79.0,4.0,105.0,26.0,37.0,70.0,0.375,8.0,0.6,5.0,13.0,7.0,0.09775899999999987,0.0,,,,,,,,0.09999999999999987,,2.0,1.0,1.0,0.3111700027800949,0.07021081576535293,-9.549999999999955,-5.0,-0.136832,-1.9371088517124875,2.2099649457834643,0.5,0.0,0.0,1.0,0.0,ACCELERATION_CONSENSUS,加速一致,路径强度0.69→1.00；竞价斜率+7.02pct/板；首封每板提前10分钟；炸板变化-5.0/板,0.026340545625587852,0.02730696798493426,0.03240972615082862,1.0,3.0,4.0,0.20989917506874423,3.3105430133940246,0.25,1.3862943611198906,9.0,12.0,3.0,1.0,0.75,,0.0,0.3622247568494365,0.3608475147559774,0.338939167283733,0.24235436090013712,8.500047032581268,5.666426688112432,-0.11987039594929938,0.0013772420934590746,9.0,3.0,26.4,26.4,26.4,42445.0,112054.8,9.999999999999986,2.0301,9.999999999999986,0.0,0.0,0.09999999999999994,42445.0,0.15310280978662738,0.05090979893681444,0.05385374024988775,0.04078528498685533,0.07149691279853701,0.20989917506874423,0.24293785310734473,0.30306021717670273,0.0,0.0,12,decision_three_rank_v1,0.5970007881360209,,,,,,,,,,2b712df8413633caf4c6736c4fea3a8f01c72b8266ea2e505f7f7c924318d01e,SHADOW_NOT_READY_PRIMARY_ONLY,READY,decision_three_engine_models_v2:promotion:20260709:hgb:platt,20260709,b7837d7001917a9c7bcc8814a09b45c6460f36a1adf6a7b5dcc024b4adc5f79c,26,26,100.0,NOT_READY_PRIMARY_ONLY,,,,,,,NOT_READY_PRIMARY_ONLY,,,,,,,,,,,,
20260828,000712.SZ,锦龙股份,证券Ⅱ,3.0,3→4,SZ_MAIN,2026-08-28T14:36:01+00:00,20260828|000712.SZ|3→4,0bf5c9f5a1ec762d455d77c7c31d6e1d22bc4ade0e5d39c619deee3ad5e438ab,1,3,0.5854469896313731,5.0,11.8,12.98,10.0,a_share_price_limit_le_10_v2,eligible_limit_le_10:10.00%:main_board_10pct,0.2736634004194002,52.79077,0.0164,0.308407,0.858,0.07,0.0,1.0,1.0,1.1,0.0,0.43,3.0,0.0,0.65,0.0,0.09972041006523757,0.0,0.0,12.09428163739144,0.0,565.0,565.0,19.284634588664357,1.3265787498659805,0.022446532334580868,0.016921,0.41,23.081253722979675,0.0005591426888808466,9.461039871832996e-06,0.0,,,0.6340364160807643,0.002241,0.5431764917973679,0.0321772005926122,0.006813413617562837,0.34934775692014,0.041361756283805284,0.00922685332484887,4.382026634673881,1.6094379124341003,2.772588722239781,0.24761904761904763,0.47435897435897434,0.025488428571428575,0.5857142857142857,0.03235878843529105,0.46153846153846156,0.031229454306377386,0.2161825309820138,1.0928389419298958,0.6369284033798721,-0.04329334582511013,1.0,-0.1599076946132184,EXPANSION,发酵,0.6302498008802631,0.7756098400232676,0.46153846153846156,0.6872162857142858,0.6856778838597917,3143.0,79.0,4.0,105.0,26.0,37.0,70.0,0.375,8.0,0.6,5.0,13.0,7.0,0.09747941006523758,0.0,,,,,,,,0.09972041006523757,,3.0,1.0,1.0,0.0,0.051553207289955105,-10.449999999999989,-0.5,-0.021242,-0.522477130963324,0.47650403556703963,0.6666666666666666,0.0,0.0,0.0,0.0,STABLE_STRONG,持续强势,路径强度1.00→1.00；竞价斜率+5.16pct/板；首封每板提前10分钟；炸板变化-0.5/板,-0.022075055187638082,0.03263403263403264,0.039009555565847065,0.0,3.0,6.0,0.3318284424379234,2.5494451709255714,0.3076923076923077,2.19722457733622,3.0,12.0,3.0,1.0,0.25,,0.0,0.5069236875474002,0.49155437609599484,0.4755062335651054,0.3844656534183247,7.474204806496124,4.143134726391533,-0.12245803412907552,0.01536931145140541,9.0,3.0,11.8,11.8,11.8,151563.75,178845.225,9.972041006523757,1.6921,9.972041006523757,0.0,0.0,0.09972041006523767,151563.75,0.4105312195633818,0.04768499670681995,0.05551238231520688,0.04833383879724371,0.05740668750548355,0.2102564102564104,0.37529137529137535,0.264737406216506,0.0,0.0,12,decision_three_rank_v1,0.5788625007527012,,,,,,,,,,2b712df8413633caf4c6736c4fea3a8f01c72b8266ea2e505f7f7c924318d01e,SHADOW_NOT_READY_PRIMARY_ONLY,READY,decision_three_engine_models_v2:promotion:20260709:hgb:platt,20260709,b7837d7001917a9c7bcc8814a09b45c6460f36a1adf6a7b5dcc024b4adc5f79c,26,26,100.0,NOT_READY_PRIMARY_ONLY,,,,,,,NOT_READY_PRIMARY_ONLY,,,,,,,,,,,,
20260828,603900.SH,莱绅通灵,饰品,2.0,2→3,SH_MAIN,2026-08-28T14:36:01+00:00,20260828|603900.SH|2→3,0bf5c9f5a1ec762d455d77c7c31d6e1d22bc4ade0e5d39c619deee3ad5e438ab,1,4,0.4711006519443423,30.0,7.85,8.63,10.0,a_share_price_limit_le_10_v2,eligible_limit_le_10:10.00%:main_board_10pct,0.1941344085230229,45.448718,0.01,0.218736,0.765,0.0,0.0,1.0,0.0,0.92,0.015,0.35,2.0,0.0,0.5,0.0,0.09943977591036424,0.0,0.0,12.07313542492192,0.0,570.0166666666667,570.0166666666667,17.94642490285446,0.35541821722300365,0.02313232718214175,0.065085,0.82,21.71294908180869,0.000571092406857584,3.716944086289624e-05,0.0,,,0.6277266991166396,0.002241,0.5431764917973679,0.0321772005926122,0.006813413617562837,0.34934775692014,0.041361756283805284,0.00922685332484887,4.382026634673881,1.6094379124341003,2.772588722239781,0.24761904761904763,0.47435897435897434,0.025488428571428575,0.5857142857142857,0.03235878843529105,0.46153846153846156,0.031229454306377386,0.2161825309820138,1.0928389419298958,0.6369284033798721,-0.04329334582511013,1.0,-0.1599076946132184,EXPANSION,发酵,0.6302498008802631,0.7756098400232676,0.46153846153846156,0.6872162857142858,0.6856778838597917,3143.0,79.0,4.0,105.0,26.0,37.0,70.0,0.375,8.0,0.6,5.0,13.0,7.0,0.09719877591036424,0.0,,,,,,,,0.09943977591036424,,2.0,1.0,0.9999848484848486,0.35829137529137545,0.12409308869927027,-9.966666666666697,-1.0,-0.01576899999999999,-0.09428691197912542,-0.02276708304867081,0.5,0.0,0.0,1.0,0.0,ACCELERATION_CONSENSUS,加速一致,路径强度0.64→1.00；竞价斜率+12.41pct/板；首封每板提前10分钟；炸板变化-1.0/板,-0.010670731707317027,0.010903426791277315,0.021822344440596133,0.0,2.0,6.0,0.2095531587057009,2.180417459019838,0.3846153846153846,2.19722457733622,9.0,12.0,3.0,1.0,0.75,,0.0,0.3590569122925424,0.3608475147559774,0.3100063946396115,0.2758866679864216,8.33375100695358,5.529429087511423,-0.0831702443061208,-0.0017906024634350426,9.0,3.0,7.85,7.85,7.85,223061.16,175103.011,9.943977591036424,6.5085,9.943977591036424,0.0,0.0,0.09943977591036414,223061.16,0.8175541367489076,0.049948880596030636,0.04147216043726516,0.03668175586734158,0.055710045619843995,0.2095531587057009,0.2227414330218067,0.29966887417218535,0.0,0.0,12,decision_three_rank_v1,0.4600544079250943,,,,,,,,,,2b712df8413633caf4c6736c4fea3a8f01c72b8266ea2e505f7f7c924318d01e,SHADOW_NOT_READY_PRIMARY_ONLY,READY,decision_three_engine_models_v2:promotion:20260709:hgb:platt,20260709,b7837d7001917a9c7bcc8814a09b45c6460f36a1adf6a7b5dcc024b4adc5f79c,26,26,100.0,NOT_READY_PRIMARY_ONLY,,,,,,,NOT_READY_PRIMARY_ONLY,,,,,,,,,,,,
20260828,600654.SH,中安科,软件开发,2.0,2→3,SH_MAIN,2026-08-28T14:36:01+00:00,20260828|600654.SH|2→3,0bf5c9f5a1ec762d455d77c7c31d6e1d22bc4ade0e5d39c619deee3ad5e438ab,1,5,0.4149372673347629,44.0,3.63,3.99,10.0,a_share_price_limit_le_10_v2,eligible_limit_le_10:10.00%:main_board_10pct,0.1679062225790922,54.717949,0.5458931282264484,0.260137,0.765,0.0,0.0,1.0,0.0,0.92,0.015,0.35,2.0,0.0,0.5,0.0,0.10000000000000009,0.0030303030303029657,0.0,12.955682833329826,1.0,565.05,573.35,18.649177533086647,0.29693019169273516,0.0149389921740833,0.050312,1.96,22.85295808502846,0.0002362759224930293,1.1887387189983878e-05,1.0,3.0,5.0,0.8123309897241753,0.002241,0.5431764917973679,0.0321772005926122,0.006813413617562837,0.34934775692014,0.041361756283805284,0.00922685332484887,4.382026634673881,1.6094379124341003,2.772588722239781,0.24761904761904763,0.47435897435897434,0.025488428571428575,0.5857142857142857,0.03235878843529105,0.46153846153846156,0.031229454306377386,0.2161825309820138,1.0928389419298958,0.6369284033798721,-0.04329334582511013,1.0,-0.1599076946132184,EXPANSION,发酵,0.6302498008802631,0.7756098400232676,0.46153846153846156,0.6872162857142858,0.6856778838597917,3143.0,79.0,4.0,105.0,26.0,37.0,70.0,0.375,8.0,0.6,5.0,13.0,7.0,0.0977590000000001,0.0,,,,,,,,0.10000000000000009,,2.0,1.0,0.9,0.04116666666666635,0.06666666666666665,-13.56666666666672,1.0,0.006620000000000001,0.259797291289793,0.050084369417565444,0.5,0.0,0.0,0.0,1.0,DIVERGENCE_RESEAL,分歧回封,路径强度0.86→0.90；竞价斜率+6.67pct/板；首封每板提前14分钟；炸板变化+1.0/板,0.010101010101009944,0.05263157894736836,0.012454144561473514,0.0,2.0,6.0,0.20999999999999996,1.5325568680981427,0.6,1.791759469228055,9.0,12.0,3.0,1.0,0.75,,0.0,0.3590569122925424,0.3608475147559774,0.3100063946396115,0.2758866679864216,8.33375100695358,5.529429087511423,-0.0831702443061208,-0.0017906024634350426,9.0,3.0,3.63,3.63,3.62,1165952.53,423233.989,10.000000000000009,5.0312,10.000000000000009,0.0030303030303029657,0.0,0.10000000000000003,1165952.53,1.9631378188016428,0.04163743423403071,0.04274133587815725,0.03307700579110066,0.04479577010001951,0.20999999999999996,0.27368421052631575,0.23890784982935154,0.00275482093663906,0.0030303030303029657,12,decision_three_rank_v1,0.4021401255273438,,,,,,,,,,2b712df8413633caf4c6736c4fea3a8f01c72b8266ea2e505f7f7c924318d01e,SHADOW_NOT_READY_PRIMARY_ONLY,READY,decision_three_engine_models_v2:promotion:20260709:hgb:platt,20260709,b7837d7001917a9c7bcc8814a09b45c6460f36a1adf6a7b5dcc024b4adc5f79c,26,26,100.0,NOT_READY_PRIMARY_ONLY,,,,,,,NOT_READY_PRIMARY_ONLY,,,,,,,,,,,,
20260828,002942.SZ,新农股份,农化制品,3.0,3→4,SZ_MAIN,2026-08-28T14:36:01+00:00,20260828|002942.SZ|3→4,0bf5c9f5a1ec762d455d77c7c31d6e1d22bc4ade0e5d39c619deee3ad5e438ab,1,6,0.40300975638897807,77.0,20.91,23.0,10.0,a_share_price_limit_le_10_v2,eligible_limit_le_10:10.00%:main_board_10pct,0.0933760274345571,56.783641,0.679305707944409,0.241185,0.5879,0.31725,1.0,1.0,1.0,1.1,0.0,0.43,3.0,2.0,0.0,0.0,0.09994739610731185,0.1330878485007891,0.0,13.14634682753502,3.0,565.0,843.95,16.402237589524077,0.025942761886849984,0.0045791926946699025,0.18389500000000003,9.62,21.788470078535067,0.0001952607558996866,3.446574543109047e-05,1.0,2.0,5.0,0.8411754101316027,0.002241,0.5431764917973679,0.0321772005926122,0.006813413617562837,0.34934775692014,0.041361756283805284,0.00922685332484887,4.382026634673881,1.6094379124341003,2.772588722239781,0.24761904761904763,0.47435897435897434,0.025488428571428575,0.5857142857142857,0.03235878843529105,0.46153846153846156,0.031229454306377386,0.2161825309820138,1.0928389419298958,0.6369284033798721,-0.04329334582511013,1.0,-0.1599076946132184,EXPANSION,发酵,0.6302498008802631,0.7756098400232676,0.46153846153846156,0.6872162857142858,0.6856778838597917,3143.0,79.0,4.0,105.0,26.0,37.0,70.0,0.375,8.0,0.6,5.0,13.0,7.0,0.09770639610731185,0.0,,,,,,,,0.09994739610731185,,3.0,1.0,0.7333818293775536,-0.2666181706224464,0.049973698053655924,-7.300000000000011,1.5,0.07084850000000001,0.816455437610685,-0.27377137235510973,0.3333333333333333,0.0,0.0,0.0,1.0,DIVERGENCE_RESEAL,分歧回封,路径强度1.00→0.73；竞价斜率+5.00pct/板；首封每板提前7分钟；炸板变化+1.5/板,-0.001905972045743276,-0.010705289672544027,0.0034550744305288927,0.0,3.0,6.0,0.3309993634627626,3.086943153607375,0.4285714285714285,1.0986122886681098,3.0,12.0,3.0,1.0,0.25,,0.0,0.5069236875474002,0.49155437609599484,0.4755062335651054,0.3844656534183247,7.474204806496124,4.143134726391533,-0.12245803412907552,0.01536931145140541,9.0,3.0,20.91,20.91,18.38,255168.86,512135.68308,9.994739610731184,18.3895,9.994739610731184,0.1330878485007891,0.0,0.09994739610731186,255168.86,9.620663575010369,0.05166234966416456,0.045365053282402,0.03695324793235856,0.04420781719917997,0.21006944444444442,0.3167506297229219,0.36935166994106106,0.12099473935915835,0.1330878485007891,12,decision_three_rank_v1,0.38989362747663814,,,,,,,,,,2b712df8413633caf4c6736c4fea3a8f01c72b8266ea2e505f7f7c924318d01e,SHADOW_NOT_READY_PRIMARY_ONLY,READY,decision_three_engine_models_v2:promotion:20260709:hgb:platt,20260709,b7837d7001917a9c7bcc8814a09b45c6460f36a1adf6a7b5dcc024b4adc5f79c,26,26,100.0,NOT_READY_PRIMARY_ONLY,,,,,,,NOT_READY_PRIMARY_ONLY,,,,,,,,,,,,
20260828,600479.SH,千金药业,中药Ⅱ,3.0,3→4,SH_MAIN,2026-08-28T14:36:01+00:00,20260828|600479.SH|3→4,0bf5c9f5a1ec762d455d77c7c31d6e1d22bc4ade0e5d39c619deee3ad5e438ab,1,7,0.37084497443679976,7.0,13.33,14.66,10.0,a_share_price_limit_le_10_v2,eligible_limit_le_10:10.00%:main_board_10pct,0.2668381195474378,50.220743,0.2454420922806225,0.316108,0.47155,0.36069,1.0,0.2915841584158423,1.0,1.1,0.0,0.43,3.0,4.0,0.19655,0.0,0.09983498349834985,0.12623762376237618,0.12623762376237618,14.146253410823945,10.0,574.45,861.35,17.66829841580941,0.03385361200941839,0.008447175166513197,0.256158,3.57,22.44222158809279,7.183903917296599e-05,1.7925323522914467e-05,1.0,6.0,3.0,0.9457364341085271,0.002241,0.5431764917973679,0.0321772005926122,0.006813413617562837,0.34934775692014,0.041361756283805284,0.00922685332484887,4.382026634673881,1.6094379124341003,2.772588722239781,0.24761904761904763,0.47435897435897434,0.025488428571428575,0.5857142857142857,0.03235878843529105,0.46153846153846156,0.031229454306377386,0.2161825309820138,1.0928389419298958,0.6369284033798721,-0.04329334582511013,1.0,-0.1599076946132184,EXPANSION,发酵,0.6302498008802631,0.7756098400232676,0.46153846153846156,0.6872162857142858,0.6856778838597917,3143.0,79.0,4.0,105.0,26.0,37.0,70.0,0.375,8.0,0.6,5.0,13.0,7.0,0.09759398349834986,0.0,,,,,,,,0.09983498349834985,,3.0,1.0,0.46825818988309226,-0.22289168002084275,-0.06110551174877965,2.2000000000000455,5.0,0.101447,0.8674393866930483,-0.17622318164814327,0.0,0.0,1.0,0.0,0.0,STRONG_TO_WEAK,强转弱,路径强度0.69→0.47；竞价斜率-6.11pct/板；首封每板推迟2分钟；炸板变化+5.0/板,0.02244897959183656,0.026639344262294973,0.009175309468049342,0.0,3.0,6.0,0.3303393213572854,2.6623552418400807,0.2857142857142857,1.0986122886681098,3.0,12.0,3.0,1.0,0.25,,0.0,0.47465543660154047,0.49155437609599484,0.5582184788671801,0.4514978943627888,7.304515946460155,4.189654742026425,-0.02315754223875166,-0.016898939494454368,9.0,3.0,11.8,13.33,11.8,1072038.23,1392000.797,9.983498349834985,25.6158,9.983498349834985,0.12623762376237618,0.12623762376237618,-0.02640264026402628,1072038.23,3.574906673419798,0.04279315632680523,0.04754385568110031,0.03669003779915684,0.04161005643693324,0.20961887477313979,0.36577868852459017,0.33299999999999996,0.11477869467366837,0.12623762376237618,12,decision_three_rank_v1,0.3569761186430993,,,,,,,,,,2b712df8413633caf4c6736c4fea3a8f01c72b8266ea2e505f7f7c924318d01e,SHADOW_NOT_READY_PRIMARY_ONLY,READY,decision_three_engine_models_v2:promotion:20260709:hgb:platt,20260709,b7837d7001917a9c7bcc8814a09b45c6460f36a1adf6a7b5dcc024b4adc5f79c,26,26,100.0,NOT_READY_PRIMARY_ONLY,,,,,,,NOT_READY_PRIMARY_ONLY,,,,,,,,,,,,
20260828,600162.SH,香江控股,房地产开发,2.0,2→3,SH_MAIN,2026-08-28T14:36:01+00:00,20260828|600162.SH|2→3,0bf5c9f5a1ec762d455d77c7c31d6e1d22bc4ade0e5d39c619deee3ad5e438ab,1,8,0.35934736322878613,53.0,5.36,5.9,10.0,a_share_price_limit_le_10_v2,eligible_limit_le_10:10.00%:main_board_10pct,0.1624202910567932,59.13639,0.0164,0.224404,0.795281,0.085672,0.0,0.7333675564681716,1.0,0.92,0.015,0.35,2.0,0.0,0.571642,0.0,0.10061601642710483,0.05954825462012321,0.053388090349076114,13.606072865779542,4.0,576.3333333333334,829.3333333333334,18.06691591865073,0.0865605593045785,0.004007345848812893,0.046946,0.94,23.586542044357635,0.0001232986074477725,5.7081442944663005e-06,0.0,,,0.9003064719668289,0.002241,0.5431764917973679,0.0321772005926122,0.006813413617562837,0.34934775692014,0.041361756283805284,0.00922685332484887,4.382026634673881,1.6094379124341003,2.772588722239781,0.24761904761904763,0.47435897435897434,0.025488428571428575,0.5857142857142857,0.03235878843529105,0.46153846153846156,0.031229454306377386,0.2161825309820138,1.0928389419298958,0.6369284033798721,-0.04329334582511013,1.0,-0.1599076946132184,EXPANSION,发酵,0.6302498008802631,0.7756098400232676,0.46153846153846156,0.6872162857142858,0.6856778838597917,3143.0,79.0,4.0,105.0,26.0,37.0,70.0,0.375,8.0,0.6,5.0,13.0,7.0,0.09837501642710483,0.0,,,,,,,,0.10061601642710483,,2.0,1.0,0.7145341028732817,-0.05242044258126377,0.047227926078028615,-30.01666666666665,4.0,0.005616000000000003,0.24474204699364321,-0.029378927819782935,0.0,0.0,0.0,0.0,1.0,DIVERGENCE_RESEAL,分歧回封,路径强度0.77→0.71；竞价斜率+4.72pct/板；首封每板提前30分钟；炸板变化+4.0/板,0.0254629629629628,0.05980861244019131,0.038042018617119054,0.0,2.0,6.0,0.20993227990970675,1.8500283773520307,0.5833333333333334,2.079441541679836,9.0,12.0,3.0,1.0,0.75,,0.0,0.3590569122925424,0.3608475147559774,0.3100063946396115,0.2758866679864216,8.33375100695358,5.529429087511423,-0.0831702443061208,-0.0017906024634350426,9.0,3.0,5.1,5.36,5.07,1534413.23,811039.172,10.061601642710482,4.6946,10.061601642710482,0.05954825462012321,0.053388090349076114,0.04722792607802865,1534413.23,0.9408549626660087,0.04891997850340718,0.05704115103411932,0.05154487199369924,0.0959221388424393,0.20993227990970675,0.2822966507177036,0.1404255319148937,0.0541044776119403,0.05954825462012321,12,decision_three_rank_v1,0.34525055716239844,,,,,,,,,,2b712df8413633caf4c6736c4fea3a8f01c72b8266ea2e505f7f7c924318d01e,SHADOW_NOT_READY_PRIMARY_ONLY,READY,decision_three_engine_models_v2:promotion:20260709:hgb:platt,20260709,b7837d7001917a9c7bcc8814a09b45c6460f36a1adf6a7b5dcc024b4adc5f79c,26,26,100.0,NOT_READY_PRIMARY_ONLY,,,,,,,NOT_READY_PRIMARY_ONLY,,,,,,,,,,,,
20260828,603269.SH,海鸥股份,通用设备,2.0,2→3,SH_MAIN,2026-08-28T14:36:01+00:00,20260828|603269.SH|2→3,0bf5c9f5a1ec762d455d77c7c31d6e1d22bc4ade0e5d39c619deee3ad5e438ab,1,9,0.3077953767581772,28.0,22.18,24.4,10.0,a_share_price_limit_le_10_v2,eligible_limit_le_10:10.00%:main_board_10pct,0.2038905022223151,49.794872,0.01,0.234257,0.72,0.0,0.0,0.7000000000000004,0.0,0.92,0.015,0.35,2.0,0.0,0.5,0.0,0.10019841269841279,0.059523809523809486,0.05853174603174602,12.741421929078228,1.0,571.2166666666667,572.4666666666667,17.978110397495385,0.18804689300675295,0.006705075127017369,0.035946,0.69,22.983000939717993,0.0002927332323926698,1.0437813058134386e-05,0.0,,,0.7751937984496124,0.002241,0.5431764917973679,0.0321772005926122,0.006813413617562837,0.34934775692014,0.041361756283805284,0.00922685332484887,4.382026634673881,1.6094379124341003,2.772588722239781,0.24761904761904763,0.47435897435897434,0.025488428571428575,0.5857142857142857,0.03235878843529105,0.46153846153846156,0.031229454306377386,0.2161825309820138,1.0928389419298958,0.6369284033798721,-0.04329334582511013,1.0,-0.1599076946132184,EXPANSION,发酵,0.6302498008802631,0.7756098400232676,0.46153846153846156,0.6872162857142858,0.6856778838597917,3143.0,79.0,4.0,105.0,26.0,37.0,70.0,0.375,8.0,0.6,5.0,13.0,7.0,0.0979574126984128,0.0,,,,,,,,0.10019841269841279,,2.0,1.0,0.7820622562256226,0.17656945940495683,0.03948445171849424,-70.88333333333333,-1.0,-0.025780000000000004,-0.416837663640063,0.05758426606313882,0.0,0.0,0.0,1.0,0.0,ACCELERATION_CONSENSUS,加速一致,路径强度0.61→0.78；竞价斜率+3.95pct/板；首封每板提前71分钟；炸板变化-1.0/板,-0.005425935973955576,0.029197080291970767,0.011876110628412154,0.0,2.0,6.0,0.2100381887615932,3.1432898379116057,0.4166666666666667,2.079441541679836,9.0,12.0,3.0,1.0,0.75,,0.0,0.3590569122925424,0.3608475147559774,0.3100063946396115,0.2758866679864216,8.33375100695358,5.529429087511423,-0.0831702443061208,-0.0017906024634350426,9.0,3.0,21.0,22.18,20.98,155268.1,341607.946,10.01984126984128,3.5946,10.01984126984128,0.059523809523809486,0.05853174603174602,0.04166666666666666,155268.1,0.6926384166064384,0.04518826478433479,0.041341375967871394,0.042748132517241015,0.06578905416598062,0.2100381887615932,0.24536777091521622,0.2531073446327683,0.054102795311091044,0.059523809523809486,12,decision_three_rank_v1,0.29297839401668546,,,,,,,,,,2b712df8413633caf4c6736c4fea3a8f01c72b8266ea2e505f7f7c924318d01e,SHADOW_NOT_READY_PRIMARY_ONLY,READY,decision_three_engine_models_v2:promotion:20260709:hgb:platt,20260709,b7837d7001917a9c7bcc8814a09b45c6460f36a1adf6a7b5dcc024b4adc5f79c,26,26,100.0,NOT_READY_PRIMARY_ONLY,,,,,,,NOT_READY_PRIMARY_ONLY,,,,,,,,,,,,
20260828,603011.SH,合锻智能,专用设备,2.0,2→3,SH_MAIN,2026-08-28T14:36:01+00:00,20260828|603011.SH|2→3,0bf5c9f5a1ec762d455d77c7c31d6e1d22bc4ade0e5d39c619deee3ad5e438ab,1,10,0.25833832901184434,31.0,27.65,30.41,10.0,a_share_price_limit_le_10_v2,eligible_limit_le_10:10.00%:main_board_10pct,0.1913651952879117,51.833333,0.4258611773793213,0.261556,0.683932,0.0,0.0,0.4595465393794751,0.0,0.92,0.015,0.35,2.0,0.0,0.5,0.0,0.0998408910103421,0.10540970564836907,0.09824980111376289,14.605859408332918,10.0,592.6833333333333,885.6833333333333,17.64171291720141,0.02081874821320029,0.003356698097389903,0.165865,2.08,23.338510392774687,4.5368670315556307e-05,7.3149897279980385e-06,1.0,4.0,4.0,0.9680908599242833,0.002241,0.5431764917973679,0.0321772005926122,0.006813413617562837,0.34934775692014,0.041361756283805284,0.00922685332484887,4.382026634673881,1.6094379124341003,2.772588722239781,0.24761904761904763,0.47435897435897434,0.025488428571428575,0.5857142857142857,0.03235878843529105,0.46153846153846156,0.031229454306377386,0.2161825309820138,1.0928389419298958,0.6369284033798721,-0.04329334582511013,1.0,-0.1599076946132184,EXPANSION,发酵,0.6302498008802631,0.7756098400232676,0.46153846153846156,0.6872162857142858,0.6856778838597917,3143.0,79.0,4.0,105.0,26.0,37.0,70.0,0.375,8.0,0.6,5.0,13.0,7.0,0.09759989101034211,0.0,,,,,,,,0.0998408910103421,,2.0,1.0,0.46809432051424565,-0.09854370581126887,0.025223475016929453,-50.116666666666674,9.0,0.06066400000000002,0.5735109624514791,-0.05996411161662789,0.0,0.0,0.0,0.0,1.0,DIVERGENCE_RESEAL,分歧回封,路径强度0.57→0.47；竞价斜率+2.52pct/板；首封每板提前50分钟；炸板变化+9.0/板,0.002192982456140413,-0.03910849453322118,0.02329248864394929,0.0,2.0,6.0,0.21006564551422313,3.3551534431607486,0.5555555555555556,2.6390573296152584,9.0,12.0,3.0,1.0,0.75,,0.0,0.3590569122925424,0.3608475147559774,0.3100063946396115,0.2758866679864216,8.33375100695358,5.529429087511423,-0.0831702443061208,-0.0017906024634350426,9.0,3.0,25.18,27.65,25.0,820062.62,2204164.216,9.984089101034211,16.5865,9.984089101034211,0.10540970564836907,0.09824980111376289,0.0015910898965791228,820062.62,2.0833834958527833,0.05820676870091127,0.06449788676385866,0.054521666927420165,0.07934255243614964,0.21006564551422313,0.16274179983179127,0.14020618556701026,0.09584086799276668,0.10540970564836907,12,decision_three_rank_v1,0.24336490485441226,,,,,,,,,,2b712df8413633caf4c6736c4fea3a8f01c72b8266ea2e505f7f7c924318d01e,SHADOW_NOT_READY_PRIMARY_ONLY,READY,decision_three_engine_models_v2:promotion:20260709:hgb:platt,20260709,b7837d7001917a9c7bcc8814a09b45c6460f36a1adf6a7b5dcc024b4adc5f79c,26,26,100.0,NOT_READY_PRIMARY_ONLY,,,,,,,NOT_READY_PRIMARY_ONLY,,,,,,,,,,,,
20260828,002396.SZ,星网锐捷,通信设备,2.0,2→3,SZ_MAIN,2026-08-28T14:36:01+00:00,20260828|002396.SZ|2→3,0bf5c9f5a1ec762d455d77c7c31d6e1d22bc4ade0e5d39c619deee3ad5e438ab,0,11,0.23363032821467286,25.0,36.69,40.36,10.0,a_share_price_limit_le_10_v2,eligible_limit_le_10:10.00%:main_board_10pct,0.2114939552485157,64.425199,0.0164,0.269333,0.646901,0.2468825,0.0,0.5309595202398792,1.0,0.92,0.015,0.35,2.0,2.0,0.662858,0.264847,0.1001499250374811,0.09865067466266864,0.08665667166416793,15.236467165630458,7.0,576.15,892.85,18.791846828299835,0.035001114327951784,0.005215713230174006,0.151577,1.38,24.047926256183388,2.414829606937644e-05,3.598473640441267e-06,0.0,,,0.9864791779340184,0.002241,0.5431764917973679,0.0321772005926122,0.006813413617562837,0.34934775692014,0.041361756283805284,0.00922685332484887,4.382026634673881,1.6094379124341003,2.772588722239781,0.24761904761904763,0.47435897435897434,0.025488428571428575,0.5857142857142857,0.03235878843529105,0.46153846153846156,0.031229454306377386,0.2161825309820138,1.0928389419298958,0.6369284033798721,-0.04329334582511013,1.0,-0.1599076946132184,EXPANSION,发酵,0.6302498008802631,0.7756098400232676,0.46153846153846156,0.6872162857142858,0.6856778838597917,3143.0,79.0,4.0,105.0,26.0,37.0,70.0,0.375,8.0,0.6,5.0,13.0,7.0,0.09790892503748111,0.0,,,,,,,,0.1001499250374811,,2.0,1.0,0.5531700288046956,0.05058530470455824,-0.00926400256336235,-300.5,7.0,0.016431,0.2462249840422075,-0.014430395937598761,0.0,0.0,0.0,0.0,1.0,DIVERGENCE_RESEAL,分歧回封,路径强度0.50→0.55；竞价斜率-0.93pct/板；首封每板提前300分钟；炸板变化+7.0/板,-0.016861219195849486,-0.08592101296352128,0.00921618486942504,1.0,3.0,4.0,0.21009234828496037,3.629394807279044,0.3333333333333333,0.6931471805599453,9.0,12.0,3.0,1.0,0.75,,0.0,0.3622247568494365,0.3608475147559774,0.338939167283733,0.24235436090013712,8.500047032581268,5.666426688112432,-0.11987039594929938,0.0013772420934590746,9.0,3.0,33.8,36.69,33.4,1148070.43,4141078.93492,10.014992503748111,15.1577,10.014992503748111,0.09865067466266864,0.08665667166416793,0.013493253373313216,1148070.43,1.3848305128732064,0.06384245897585338,0.06642372197688155,0.0565152570255886,0.077698369062648,0.21009234828496037,0.10611998794091027,0.12304866850321372,0.08967020986644861,0.09865067466266864,12,decision_three_rank_v1,0.21880699436427561,,,,,,,,,,2b712df8413633caf4c6736c4fea3a8f01c72b8266ea2e505f7f7c924318d01e,SHADOW_NOT_READY_PRIMARY_ONLY,READY,decision_three_engine_models_v2:promotion:20260709:hgb:platt,20260709,b7837d7001917a9c7bcc8814a09b45c6460f36a1adf6a7b5dcc024b4adc5f79c,26,26,100.0,NOT_READY_PRIMARY_ONLY,,,,,,,NOT_READY_PRIMARY_ONLY,,,,,,,,,,,,
20260828,600378.SH,昊华科技,化学制品,2.0,2→3,SH_MAIN,2026-08-28T14:36:01+00:00,20260828|600378.SH|2→3,0bf5c9f5a1ec762d455d77c7c31d6e1d22bc4ade0e5d39c619deee3ad5e438ab,0,12,0.14379023710062583,10.0,53.31,58.65,10.0,a_share_price_limit_le_10_v2,eligible_limit_le_10:10.00%:main_board_10pct,0.2575876701806995,62.443815,0.8363999999999999,0.360712,0.878601,0.093482,0.0,1.0,1.0,0.92,0.015,0.35,2.0,1.0,0.78259,0.0,0.10008254230293034,0.014651258770119704,0.0,14.905939707895008,3.0,565.0333333333333,585.4333333333333,19.882388553470932,0.14495874402718778,0.00754360925006135,0.052058999999999994,1.36,24.769443082283708,3.360723498705665e-05,1.7489103566584226e-06,1.0,1.0,6.0,0.9792680728321616,0.002241,0.5431764917973679,0.0321772005926122,0.006813413617562837,0.34934775692014,0.041361756283805284,0.00922685332484887,4.382026634673881,1.6094379124341003,2.772588722239781,0.24761904761904763,0.47435897435897434,0.025488428571428575,0.5857142857142857,0.03235878843529105,0.46153846153846156,0.031229454306377386,0.2161825309820138,1.0928389419298958,0.6369284033798721,-0.04329334582511013,1.0,-0.1599076946132184,EXPANSION,发酵,0.6302498008802631,0.7756098400232676,0.46153846153846156,0.6872162857142858,0.6856778838597917,3143.0,79.0,4.0,105.0,26.0,37.0,70.0,0.375,8.0,0.6,5.0,13.0,7.0,0.09784154230293035,0.0,,,,,,,,0.10008254230293034,,2.0,1.0,0.85,0.1326336837765406,0.07397584536762936,-6.56666666666672,1.0,0.024175999999999993,0.7278854263578829,0.007647152134045432,0.0,0.0,0.0,0.0,1.0,DIVERGENCE_RESEAL,分歧回封,路径强度0.72→0.85；竞价斜率+7.40pct/板；首封每板提前7分钟；炸板变化+1.0/板,0.01638209506229793,-0.06752751905165122,0.033028702823404504,0.0,2.0,6.0,0.21021566401816139,3.994708372046754,0.2857142857142857,1.0986122886681098,9.0,12.0,3.0,1.0,0.75,,0.0,0.3590569122925424,0.3608475147559774,0.3100063946396115,0.2758866679864216,8.33375100695358,5.529429087511423,-0.0831702443061208,-0.0017906024634350426,9.0,3.0,53.31,53.31,52.6,558371.38,2975549.756,10.008254230293034,5.2059,10.008254230293034,0.014651258770119704,0.0,0.10008254230293027,558371.38,1.360076672503978,0.06527154640700124,0.05912906385477786,0.053913344709175186,0.06375894089655033,0.21021566401816139,0.1284928027095682,0.09466119096509229,0.013318326767960999,0.014651258770119704,12,decision_three_rank_v1,0.13109818967570283,,,,,,,,,,2b712df8413633caf4c6736c4fea3a8f01c72b8266ea2e505f7f7c924318d01e,SHADOW_NOT_READY_PRIMARY_ONLY,READY,decision_three_engine_models_v2:promotion:20260709:hgb:platt,20260709,b7837d7001917a9c7bcc8814a09b45c6460f36a1adf6a7b5dcc024b4adc5f79c,26,26,100.0,NOT_READY_PRIMARY_ONLY,,,,,,,NOT_READY_PRIMARY_ONLY,,,,,,,,,,,,
