signal_date,ts_code,score,rank,proxy_fill,slot_net_return
20251111,603938.SH,0.003720623904451761,1,1.0,-0.028669184290030233
20251111,603778.SH,-0.003130905570110725,2,0.0,0.0
20251111,002374.SZ,-0.004675284630325565,3,1.0,0.16907512953367893
20251111,600429.SH,-0.005574969023423338,4,0.0,0.0
20251111,603396.SH,-0.007550476616735585,5,1.0,-0.09084146341463412
20251111,600113.SH,-0.00769608132614016,6,1.0,0.05446551724137944
20251111,600829.SH,-0.009784629669386029,7,0.0,0.0
20251111,600693.SH,-0.010170360389089339,8,1.0,0.09241629955947145
20251111,002387.SZ,-0.012256976013334309,9,0.0,0.0
20251111,000632.SZ,-0.020789874326721025,10,0.0,0.0
20251112,000061.SZ,0.0003545737938727093,1,1.0,-0.0015559371933267464
20251112,000631.SZ,-0.0024192728185956627,2,1.0,-0.029816455696202556
20251112,603122.SH,-0.0074921684431219935,3,1.0,0.10883333333333328
20251112,603778.SH,-0.009137399892690294,4,1.0,0.06616666666666665
20251112,600429.SH,-0.010508416883999512,5,0.0,0.0
20251112,002374.SZ,-0.012403016554181323,6,1.0,-0.06440783410138246
20251112,600693.SH,-0.014236387809975801,7,1.0,0.13421635610766053
20251112,000407.SZ,-0.01454097904825587,8,0.0,0.0
20251112,600829.SH,-0.01484742225827666,9,0.0,0.0
20251112,002309.SZ,-0.022651909876655836,10,1.0,0.015107843137255054
20251113,600408.SH,0.0034313807518899144,1,1.0,0.024911764705882248
20251113,603122.SH,-0.0003775851031921941,2,1.0,0.17403839037927832
20251113,002691.SZ,-0.007331271861297726,3,1.0,0.02713950143815919
20251113,002864.SZ,-0.011401365462376948,4,1.0,-0.04993067226890751
20251113,002309.SZ,-0.011801959673865414,5,1.0,-0.10543896713615014
20251113,601566.SH,-0.012703739708003856,6,1.0,0.20504907161803704
20251113,003041.SZ,-0.013064255557641541,7,0.0,0.0
20251113,002578.SZ,-0.019428408574218334,8,1.0,0.031500000000000035
20251113,000407.SZ,-0.02295508471779062,9,0.0,0.0
20251113,003018.SZ,-0.023236536548151394,10,1.0,-0.19336915334517474
20251114,600340.SH,-0.004432981942713351,1,0.0,0.0
20251114,001266.SZ,-0.0072223040287515234,2,1.0,-0.08709587020648951
20251114,002682.SZ,-0.01056767060291043,3,0.0,0.0
20251114,601566.SH,-0.010844755868090517,4,0.0,0.0
20251114,001203.SZ,-0.010869567355973535,5,1.0,0.029902911015547488
20251114,002805.SZ,-0.014617597262995396,6,1.0,-0.06915517241379304
20251114,002242.SZ,-0.01483235486380461,7,1.0,-0.13545238095238105
20251114,002227.SZ,-0.017847781692625974,8,1.0,-0.15119926650366738
20251114,003041.SZ,-0.022304527037514087,9,0.0,0.0
20251114,603948.SH,-0.022587070853981674,10,1.0,-0.21695828698553948
20251117,000620.SZ,0.004000740077396824,1,1.0,-0.16626470588235293
20251117,000547.SZ,-0.011796470987089558,2,1.0,0.13459090909090893
20251117,603353.SH,-0.01280149677884474,3,0.0,0.0
20251117,002682.SZ,-0.013011872452530396,4,0.0,0.0
20251117,600340.SH,-0.013314573185224108,5,1.0,0.06828481012658244
20251117,001216.SZ,-0.013775933814333632,6,1.0,0.2019928153273018
20251117,603366.SH,-0.0148921697015869,7,1.0,-0.11893530291697813
20251117,000798.SZ,-0.017232988526385773,8,1.0,0.23153603603603606
20251117,002198.SZ,-0.020183059237052884,9,1.0,-0.14907831325301207
20251117,002593.SZ,-0.02409415569408203,10,1.0,-0.18242207792207793
20251118,603232.SH,-0.004676942337906272,1,1.0,-0.05722108843537415
20251118,603353.SH,-0.0067792882139506155,2,1.0,-0.01676277372262774
20251118,000798.SZ,-0.008039448845381216,3,0.0,0.0
20251118,603829.SH,-0.010512559312494734,4,0.0,0.0
20251118,001216.SZ,-0.012882573574585098,5,1.0,-0.13681904103273385
20251118,600756.SH,-0.014343084393786353,6,0.0,0.0
20251118,600410.SH,-0.015140965027614226,7,1.0,0.03899775784753352
20251118,002474.SZ,-0.016556208130720597,8,0.0,0.0
20251118,600376.SH,-0.022737614011246174,9,1.0,-0.12915753424657545
20251118,000546.SZ,-0.023192656643848557,10,1.0,0.05950000000000006
20251119,603877.SH,-0.0014085638531362637,1,1.0,-0.09734116331096204
20251119,002213.SZ,-0.006596109300738127,2,1.0,-0.03689678899082565
20251119,002474.SZ,-0.011592247583382976,3,1.0,0.11712162162162149
20251119,600319.SH,-0.012486673119311124,4,0.0,0.0
20251119,600756.SH,-0.012737939040243909,5,1.0,-0.10567647058823532
20251119,600280.SH,-0.015026876337948317,6,0.0,0.0
20251119,002877.SZ,-0.019766056272354504,7,1.0,-0.09403900709219853
20251119,000546.SZ,-0.02124857936347984,8,0.0,0.0
20251119,605136.SH,-0.022380821836552288,9,1.0,-0.16192971887550195
20251119,002301.SZ,-0.02422624120710896,10,1.0,-0.11955507955936345
20251120,002877.SZ,0.011078893704189812,1,1.0,-0.09616666666666668
20251120,002213.SZ,-0.007702596693013285,2,1.0,-0.10577349909035777
20251120,000663.SZ,-0.012073409875844,3,1.0,-0.02985496957403638
20251120,603216.SH,-0.013607573917333166,4,0.0,0.0
20251120,601279.SH,-0.016055434103152903,5,0.0,0.0
20251120,000017.SZ,-0.018501988887744642,6,0.0,0.0
20251120,000859.SZ,-0.023273196134359835,7,1.0,0.2090549872122764
20251121,000859.SZ,0.0007579032987754288,1,1.0,-0.012490867579908634
20251121,603898.SH,0.0004096761550524946,2,0.0,0.0
20251121,603216.SH,-0.007181986356151618,3,1.0,0.17491454202077444
20251121,000838.SZ,-0.009213173005450447,4,1.0,-0.03431029810298097
20251121,600996.SH,-0.009963730168200095,5,1.0,-0.07787180544105526
20251121,000017.SZ,-0.016668924435012902,6,1.0,-0.13153583061889268
20251121,600734.SH,-0.019915202690564345,7,0.0,0.0
20251124,000892.SZ,-0.0006073253991116072,1,1.0,0.2131696542893728
20251124,603280.SH,-0.0057725883172475186,2,1.0,0.026466239813736917
20251124,002285.SZ,-0.0068711964165703516,3,1.0,-0.0045
20251124,002264.SZ,-0.008067156417262637,4,0.0,0.0
20251124,002307.SZ,-0.010308585982620733,5,1.0,0.07117567567567556
20251124,000070.SZ,-0.01048314476175483,6,1.0,0.15830991735537187
20251124,001296.SZ,-0.012572184028789703,7,0.0,0.0
20251124,002279.SZ,-0.013531816543523503,8,1.0,0.07954255319148923
20251124,600734.SH,-0.018546900275023488,9,1.0,-0.036758064516129
20251125,002264.SZ,-0.012499042948150126,1,0.0,0.0
20251125,603778.SH,-0.012666145791238478,2,1.0,0.10497368421052616
20251125,000070.SZ,-0.014284880704568428,3,1.0,0.02626923076923066
20251125,000892.SZ,-0.015488854979458925,4,1.0,-0.08194874715261952
20251125,003018.SZ,-0.01588358690188177,5,1.0,0.6865216718266254
20251125,600343.SH,-0.017927064479051458,6,1.0,-0.13149115044247778
20251125,001296.SZ,-0.018126688095004583,7,1.0,-0.1212117726657645
20251125,002413.SZ,-0.022173297919660415,8,0.0,0.0
20251125,000952.SZ,-0.02546550299451083,9,0.0,0.0
20251126,002638.SZ,-0.009790997600633958,1,1.0,-0.01951501501501512
20251126,003018.SZ,-0.009919209904853668,2,0.0,0.0
20251126,002512.SZ,-0.012136438356234,3,1.0,-0.09111417322834642
20251126,002398.SZ,-0.016907166418869767,4,1.0,-0.1942506925207756
20251126,603155.SH,-0.019063990451294643,5,1.0,0.026395983522142067
20251126,000510.SZ,-0.020132838985099932,6,0.0,0.0
20251126,600828.SH,-0.020363762796586797,7,0.0,0.0
20251126,000788.SZ,-0.024186859390589593,8,1.0,-0.004500000000000111
20251126,000952.SZ,-0.02446657156160597,9,1.0,0.025304727646454143
20251126,002114.SZ,-0.026141541812038642,10,1.0,-0.198015704154002
20251127,000078.SZ,-0.0016807924896038691,1,1.0,0.12336885245901658
20251127,001387.SZ,-0.01707113735896367,2,1.0,-0.10535470085470094
20251127,002702.SZ,-0.017268867242639253,3,1.0,0.2415815047021947
20251127,600246.SH,-0.01807530524214157,4,1.0,-0.005224637681159601
20251127,000510.SZ,-0.01854345614370484,5,1.0,0.1820853658536587
20251127,002187.SZ,-0.019210432071451188,6,1.0,0.011499999999999792
20251127,600828.SH,-0.021505951691874678,7,0.0,0.0
20251128,603778.SH,0.00562490595934227,1,1.0,0.09077824620573377
20251128,002792.SZ,-0.0023954686019834756,2,0.0,0.0
20251128,002702.SZ,-0.0037027199220945493,3,1.0,0.11725102599179221
20251128,603933.SH,-0.00841302943793246,4,1.0,0.0703792270531402
20251128,603353.SH,-0.00992237737365261,5,1.0,0.033432089323952315
20251128,002632.SZ,-0.01143364308331531,6,1.0,0.3266897106109327
20251128,000078.SZ,-0.012387981886252496,7,1.0,0.3249117647058823
20251201,600868.SH,-0.0014445142974042592,1,1.0,-0.0789416873449133
20251201,002792.SZ,-0.0035846074850967658,2,0.0,0.0
20251201,600977.SH,-0.0042357684500492964,3,1.0,-0.13631818181818184
20251201,600981.SH,-0.005533644579641938,4,1.0,0.06873943661971843
20251201,000547.SZ,-0.009493926539376524,5,1.0,0.052237588652482354
20251201,002632.SZ,-0.009576967401739843,6,0.0,0.0
20251201,002565.SZ,-0.011908570057851842,7,1.0,0.16272408026755864
20251201,002976.SZ,-0.012674706293052057,8,1.0,0.012936228608330717
20251201,002413.SZ,-0.015220163087032198,9,1.0,0.027720943613348707
20251201,603933.SH,-0.018642906893034453,10,1.0,0.04563292821876192
20251202,002565.SZ,-0.002203721091754514,1,1.0,0.11792798353909467
20251202,000547.SZ,-0.003017099545995057,2,1.0,0.10859523809523791
20251202,002976.SZ,-0.0061121268574781135,3,1.0,-0.19781810394060545
20251202,002413.SZ,-0.006665856946217613,4,1.0,-0.06053448275862077
20251202,600981.SH,-0.008869421282700643,5,0.0,0.0
20251202,000530.SZ,-0.008921644919741444,6,1.0,-0.015166666666666714
20251202,000859.SZ,-0.021092332284039964,7,1.0,-0.06204614549402825
20251202,603327.SH,-0.02300262601275118,8,1.0,0.030869774919614238
20251203,600408.SH,0.0038876305796797274,1,1.0,-0.13015445026178013
20251203,605108.SH,0.0008149779913113921,2,1.0,-0.15960204081632662
20251203,002300.SZ,-0.006511638047451626,3,0.0,0.0
20251203,002686.SZ,-0.007291081040637304,4,1.0,-0.09403341740226984
20251203,603327.SH,-0.010179100782709104,5,1.0,0.045582101806239624
20251203,603696.SH,-0.012509899142908686,6,1.0,0.2696176470588238
20251203,002348.SZ,-0.020064516759739023,7,0.0,0.0
20251204,600151.SH,-0.004083696823715259,1,1.0,0.11319230769230776
20251204,002682.SZ,-0.0064076702172248205,2,0.0,0.0
20251204,002300.SZ,-0.008032431728879045,3,1.0,0.13483547695605574
20251204,603386.SH,-0.010418950656509407,4,0.0,0.0
20251204,603696.SH,-0.010587317828447587,5,1.0,0.24463494809688585
20251204,601399.SH,-0.010605280522386936,6,1.0,0.06446551724137944
20251204,001211.SZ,-0.012492083287967845,7,1.0,-0.17891860465116266
20251204,000692.SZ,-0.012900349925691819,8,1.0,-0.12977472527472528
20251204,002589.SZ,-0.015061506300747067,9,1.0,0.03560025062656642
20251204,002348.SZ,-0.029412269448735567,10,0.0,0.0
20251205,002682.SZ,0.00137723522231001,1,0.0,0.0
20251205,600151.SH,0.00013571128244879022,2,1.0,-0.00021428571428577358
20251205,603386.SH,-0.00461342778684882,3,1.0,0.12184730538922145
20251205,601399.SH,-0.006038759759690648,4,1.0,-0.06086743215031314
20251205,605299.SH,-0.01212958242930147,5,1.0,0.17394136926438447
20251205,002589.SZ,-0.014039014523748863,6,0.0,0.0
20251205,002585.SZ,-0.019185942169179418,7,0.0,0.0
20251205,603709.SH,-0.019412004699994656,8,1.0,-0.029386877828054322
20251205,002830.SZ,-0.020021120533836013,9,1.0,0.027667832167832255
20251208,002578.SZ,0.0010528834882962187,1,1.0,-0.09641176470588247
20251208,002961.SZ,-0.0020621668883559615,2,1.0,-0.009635227661759668
20251208,002149.SZ,-0.005091747931428135,3,0.0,0.0
20251208,002679.SZ,-0.00576225552424384,4,1.0,-0.08048039215686281
20251208,002295.SZ,-0.009126700368095772,5,1.0,-0.031345637583892576
20251208,002752.SZ,-0.009379010203895444,6,0.0,0.0
20251208,603122.SH,-0.011355922368887293,7,1.0,0.008619533527696791
20251208,002585.SZ,-0.015581556554696275,8,1.0,-0.05748013245033117
20251208,605299.SH,-0.015836751908857354,9,1.0,0.08874324324324306
20251208,001360.SZ,-0.01644226910268334,10,1.0,0.0695019474196687
20251209,000905.SZ,-0.00575969596435493,1,1.0,0.0067781954887217765
20251209,600250.SH,-0.01000821952366586,2,1.0,-0.0627089552238807
20251209,002512.SZ,-0.010579298296156881,3,1.0,-0.07337755102040816
20251209,002752.SZ,-0.012081310224565189,4,0.0,0.0
20251209,600693.SH,-0.01346504036150878,5,0.0,0.0
20251209,603023.SH,-0.01483245298492121,6,1.0,-0.09712759924385644
20251209,601933.SH,-0.016007147891445965,7,0.0,0.0
20251209,002235.SZ,-0.01981939466903193,8,0.0,0.0
20251209,603601.SH,-0.02183651313214543,9,0.0,0.0
20251209,603278.SH,-0.022048940482213807,10,1.0,-0.17521197411003236
20251210,600280.SH,-0.0034104365729321386,1,1.0,-0.0847752293577983
20251210,001330.SZ,-0.005860018095888993,2,1.0,-0.01778124999999991
20251210,600828.SH,-0.009197707578099063,3,1.0,-0.09790659340659352
20251210,003016.SZ,-0.011079625638587682,4,1.0,-0.13454115226337454
20251210,603601.SH,-0.014874758305885001,5,0.0,0.0
20251210,002725.SZ,-0.018362232701181473,6,1.0,-0.047484189723320185
20251210,601828.SH,-0.019105679656689765,7,1.0,-0.1590741324921135
20251210,601933.SH,-0.020295882584669356,8,1.0,-0.037957249070631964
20251210,002235.SZ,-0.021899414962633902,9,0.0,0.0
20251210,002105.SZ,-0.027854880274494953,10,0.0,0.0
20251211,605358.SH,0.0023769898269939884,1,1.0,-0.014089041095890539
20251211,603506.SH,-0.0061249018542354995,2,1.0,-0.1196079136690647
20251211,600678.SH,-0.00891750696543032,3,1.0,-0.0759285714285714
20251211,603709.SH,-0.011374778300306733,4,1.0,0.14385164835164826
20251211,002725.SZ,-0.013090494956936038,5,1.0,-0.15153065134099625
20251211,000950.SZ,-0.01696865591246754,6,1.0,-0.11264814814814822
20251212,603929.SH,0.0070430542952284025,1,0.0,0.0
20251212,600343.SH,0.005378677096905959,2,1.0,-0.05219230769230759
20251212,600936.SH,-0.0035393357808481624,3,1.0,0.009854066985645896
20251212,600865.SH,-0.006086847196466566,4,1.0,0.3604698015530629
20251212,002639.SZ,-0.008321844306922958,5,0.0,0.0
20251212,603709.SH,-0.009181570757811161,6,1.0,-0.20938195278111232
20251212,001208.SZ,-0.011360266503463818,7,0.0,0.0
20251212,000890.SZ,-0.012586058496424668,8,0.0,0.0
20251212,002309.SZ,-0.01675180514469915,9,1.0,-0.12981328320801994
20251212,002471.SZ,-0.02059971185577747,10,0.0,0.0
20251215,600936.SH,-0.008360644762372789,1,1.0,-0.21074999999999994
20251215,002300.SZ,-0.00945492051133137,2,1.0,-0.07244564348521171
20251215,002639.SZ,-0.009463238657852025,3,1.0,-0.05479013539651827
20251215,001208.SZ,-0.011171542061055017,4,1.0,0.07005012853470433
20251215,000890.SZ,-0.01829282996872438,5,0.0,0.0
20251215,002471.SZ,-0.02077170910124543,6,1.0,-0.023367924528301994
20251215,001331.SZ,-0.02116900483809773,7,0.0,0.0
20251215,601700.SH,-0.021213239356546662,8,1.0,-0.14850000000000002
20251215,600192.SH,-0.022061260038854606,9,1.0,-0.0924326473339569
20251215,002374.SZ,-0.026845845848181928,10,1.0,-0.09540909090909094
20251216,002300.SZ,-0.001931958633864644,1,1.0,-0.13504187192118228
20251216,002187.SZ,-0.0069820050820501075,2,1.0,-0.04728728606356963
20251216,600879.SH,-0.007829036094375108,3,1.0,0.002256756756756577
20251216,002792.SZ,-0.00851153083007463,4,1.0,-0.051077676796364706
20251216,002329.SZ,-0.008884798343934578,5,1.0,-0.015863636363636576
20251216,600271.SH,-0.013263571744959034,6,1.0,-0.04086363636363637
20251216,002697.SZ,-0.016228335635790396,7,1.0,-0.06751369863013695
20251216,001317.SZ,-0.018708990471284243,8,1.0,0.07159921082299875
20251216,001331.SZ,-0.02492548168265285,9,0.0,0.0
20251217,001317.SZ,-0.007993409638973232,1,1.0,-0.07483898305084741
20251217,002703.SZ,-0.0082619066305673,2,1.0,0.3337250174703003
20251217,001255.SZ,-0.009814756640518268,3,1.0,-0.04980414863833032
20251217,603123.SH,-0.013891236021947532,4,1.0,-0.018071428571428457
20251217,002853.SZ,-0.014660440406887396,5,1.0,0.09221361502347397
20251217,601366.SH,-0.015998885155903062,6,1.0,0.10578037383177569
20251218,601366.SH,-0.001142556376127664,1,1.0,0.011289473684210353
20251218,002703.SZ,-0.004812728374575923,2,1.0,0.24713398692810457
20251218,002969.SZ,-0.009602946599481835,3,0.0,0.0
20251218,600250.SH,-0.010857243606766057,4,0.0,0.0
20251218,001255.SZ,-0.01351659484341225,5,1.0,-0.08046982758620697
20251218,603703.SH,-0.01354014020474496,6,1.0,-0.16675749559082892
20251218,002188.SZ,-0.013553262165318544,7,1.0,0.017971910112359605
20251218,002910.SZ,-0.0144996540980647,8,1.0,0.2836646655231562
20251218,002788.SZ,-0.015409092850632161,9,0.0,0.0
20251218,002853.SZ,-0.025546704077755604,10,1.0,0.09855517555859555
20251219,603585.SH,0.0002102164460425649,1,1.0,-0.10351914992993944
20251219,603023.SH,-0.0035840926097542424,2,1.0,-0.05251324503311255
20251219,605318.SH,-0.005442909305375667,3,1.0,0.07453469079939684
20251219,002910.SZ,-0.006454523629318476,4,1.0,-0.0037695398100803757
20251219,000863.SZ,-0.010788536160454875,5,1.0,-0.04513604240282692
20251219,002188.SZ,-0.010934600142619981,6,0.0,0.0
20251219,601566.SH,-0.01214258796153826,7,1.0,-0.13672222222222213
20251219,603679.SH,-0.013169766150224634,8,0.0,0.0
20251219,002788.SZ,-0.013897763188485844,9,1.0,0.046188360450563244
20251219,002969.SZ,-0.0210824888336729,10,0.0,0.0
20251222,002596.SZ,0.003596182850407959,1,0.0,0.0
20251222,000566.SZ,0.001803165760136477,2,1.0,-0.043277908343125664
20251222,002163.SZ,-0.007989663999627418,3,0.0,0.0
20251222,000523.SZ,-0.008363697640294092,4,1.0,-0.07363580246913576
20251222,603069.SH,-0.009025463398541935,5,0.0,0.0
20251222,001336.SZ,-0.011680538084045679,6,1.0,3.593859036982606e-05
20251222,603977.SH,-0.011838330839439302,7,1.0,-0.0769823604874918
20251222,002666.SZ,-0.015807075863189187,8,1.0,-0.07461686143572616
20251222,002361.SZ,-0.021512933437737827,9,1.0,0.0946902834008096
20251222,000981.SZ,-0.023629128720148593,10,1.0,-0.06960416666666663
20251223,001336.SZ,-0.0020967660795954673,1,1.0,-0.07070209059233451
20251223,002596.SZ,-0.004771754150478217,2,1.0,-0.06931481481481488
20251223,605167.SH,-0.008050600243001934,3,1.0,0.007747838616714635
20251223,603163.SH,-0.009120854936722298,4,0.0,0.0
20251223,600179.SH,-0.01070872786060151,5,1.0,0.2621666666666666
20251223,002163.SZ,-0.01100848824079813,6,1.0,0.08559483667017925
20251223,002228.SZ,-0.011054258932473046,7,1.0,0.0781010544815463
20251223,603696.SH,-0.012554596541147996,8,1.0,0.13280769230769235
20251223,603069.SH,-0.013861193248893393,9,1.0,-0.058059322033898235
20251223,002810.SZ,-0.021103758642038367,10,1.0,-0.06278220858895717
20251224,603696.SH,-0.003209423431705308,1,1.0,-0.04547796143250687
20251224,603163.SH,-0.004563051369729847,2,1.0,0.11251462682835339
20251224,600179.SH,-0.005504111911883349,3,1.0,0.02600847457627115
20251224,603698.SH,-0.007522151459072952,4,1.0,0.09432418812989923
20251224,002228.SZ,-0.00787631496423372,5,0.0,0.0
20251224,000551.SZ,-0.012428596134527448,6,1.0,0.11737088274044821
20251224,002759.SZ,-0.01353820045299993,7,1.0,0.2016219451987164
20251224,000036.SZ,-0.023391503641739635,8,1.0,0.02456976744186074
20251224,002201.SZ,-0.02362424173215256,9,0.0,0.0
20251224,002909.SZ,-0.02655374134474657,10,0.0,0.0
20251225,605598.SH,-0.000657565429345721,1,1.0,0.15515189873417728
20251225,603698.SH,-0.003088633249758027,2,1.0,-0.07158542713567823
20251225,603278.SH,-0.004513747872196791,3,0.0,0.0
20251225,605007.SH,-0.010069565195178206,4,0.0,0.0
20251225,603601.SH,-0.010183325148388923,5,1.0,-0.05219230769230759
20251225,002363.SZ,-0.011289315683171815,6,1.0,-0.12487037037037058
20251225,002201.SZ,-0.013730638840354352,7,0.0,0.0
20251225,600783.SH,-0.01680291820368028,8,0.0,0.0
20251225,003007.SZ,-0.018045242108796898,9,1.0,-0.07622787774217415
20251225,002951.SZ,-0.018469315896057457,10,0.0,0.0
20251226,002931.SZ,0.051473568497607744,1,0.0,0.0
20251226,002363.SZ,0.0009118581335061538,2,1.0,-0.13983151680290634
20251226,605007.SH,-0.002022100084101949,3,1.0,-0.11130272108843536
20251226,603278.SH,-0.008217835398450269,4,1.0,0.13698857774502565
20251226,600783.SH,-0.009728949472192452,5,0.0,0.0
20251226,002652.SZ,-0.012688983288495305,6,1.0,-0.08005555555555538
20251226,000777.SZ,-0.018600381203049857,7,1.0,-0.04338888888888886
20251226,002763.SZ,-0.020071325584371223,8,1.0,-0.09752325581395355
20251226,002009.SZ,-0.020360576262985527,9,1.0,0.08290601503759393
20251226,002347.SZ,-0.02227693845143576,10,1.0,0.03772451081359413
20251229,002009.SZ,0.0026045357452152643,1,1.0,0.10436541111621506
20251229,600759.SH,-0.00012579931975607167,2,1.0,-0.09567647058823542
20251229,002652.SZ,-0.0038528327732572963,3,1.0,-0.10060983981693367
20251229,002347.SZ,-0.0048177818363375,4,1.0,0.4330678610206295
20251229,002931.SZ,-0.013057024416747361,5,0.0,0.0
20251229,002471.SZ,-0.016235292666567556,6,1.0,-0.045150406504064926
20251229,002591.SZ,-0.018009900314607252,7,0.0,0.0
20251229,002691.SZ,-0.020597710904272367,8,1.0,-0.02952606882168912
20251229,002571.SZ,-0.022765370066641324,9,1.0,0.04607675244010662
20251229,000659.SZ,-0.02341701300736566,10,1.0,0.015600502512562679
20251230,600506.SH,-0.0004070762517123464,1,1.0,-0.0681331318876644
20251230,002413.SZ,-0.003719575115212072,2,1.0,0.2794300582847628
20251230,000700.SZ,-0.00528801940675936,3,1.0,-0.04355160390516038
20251230,001266.SZ,-0.0084671276791702,4,1.0,7.850794505776405e-05
20251230,603458.SH,-0.009024236190038115,5,1.0,-0.0054999999999998895
20251230,002177.SZ,-0.009939904208990229,6,1.0,0.030023809523809623
20251230,603192.SH,-0.010409036142621385,7,1.0,-0.11417966573816157
20251230,605069.SH,-0.011558092418462926,8,1.0,0.026427835051546503
20251230,002591.SZ,-0.013805062116379826,9,1.0,-0.24062622415669216
20251230,605086.SH,-0.013812668317626307,10,0.0,0.0
20251231,002413.SZ,0.0012173406937998135,1,0.0,0.0
20251231,002177.SZ,4.567765698721901e-06,2,1.0,-0.005623595505617913
20251231,603667.SH,-0.001812494432969338,3,1.0,0.13694927536231888
20251231,605003.SH,-0.0031683766445708625,4,0.0,0.0
20251231,001266.SZ,-0.008121542937171947,5,1.0,-0.10338398650402286
20251231,603608.SH,-0.013077081702927738,6,0.0,0.0
20251231,001299.SZ,-0.0159615031862897,7,1.0,-0.03341030392883631
20251231,002757.SZ,-0.017082042754281976,8,1.0,0.1331146788990824
20260105,001231.SZ,0.002117734047547122,1,1.0,-0.09031314878892721
20260105,600266.SH,-0.0013943995160567843,2,1.0,0.14934615384615396
20260105,002735.SZ,-0.0020005727626082777,3,1.0,0.07759338122113907
20260105,600498.SH,-0.0076560023419142646,4,1.0,0.016066981656475746
20260105,002151.SZ,-0.008430025847598265,5,1.0,0.19638035214085664
20260105,002766.SZ,-0.012678631572597188,6,1.0,0.13094668587896247
20260105,002757.SZ,-0.012946313912603187,7,0.0,0.0
20260105,002718.SZ,-0.013448059197073878,8,1.0,0.09510437514545028
20260105,002131.SZ,-0.013489208123151564,9,1.0,0.033235849056603546
20260105,003039.SZ,-0.014797064396945933,10,1.0,-0.024931328036322305
20260106,600337.SH,-0.0057743535522355345,1,0.0,0.0
20260106,603716.SH,-0.011479484337210296,2,1.0,-0.06688256294626077
20260106,001231.SZ,-0.011680645502393835,3,1.0,-0.1006325966850829
20260106,002462.SZ,-0.011927929402916053,4,0.0,0.0
20260106,002324.SZ,-0.012182071176787747,5,0.0,0.0
20260106,600775.SH,-0.012967207172613907,6,0.0,0.0
20260106,002173.SZ,-0.015294131847088926,7,0.0,0.0
20260106,000516.SZ,-0.015431497194384122,8,1.0,-0.06487735849056603
20260106,002925.SZ,-0.017549139859250336,9,1.0,-0.09866628387689474
20260106,001210.SZ,-0.019287446874661482,10,0.0,0.0
20260107,002519.SZ,-0.0034272931882262103,1,0.0,0.0
20260107,002774.SZ,-0.0066330603268117865,2,1.0,0.19388056680161941
20260107,603598.SH,-0.006676955537651758,3,1.0,0.38232581786030057
20260107,002462.SZ,-0.007644912664183242,4,1.0,-0.16447968511935002
20260107,002324.SZ,-0.008649601529092062,5,0.0,0.0
20260107,600783.SH,-0.009995343282947338,6,0.0,0.0
20260107,002173.SZ,-0.013495041433392467,7,0.0,0.0
20260107,600775.SH,-0.013550631147994324,8,1.0,0.08785294117647074
20260107,001331.SZ,-0.015510412417591567,9,1.0,-0.0593333333333334
20260107,600337.SH,-0.016117459513218108,10,0.0,0.0
20260108,002788.SZ,-0.0014049354436728436,1,1.0,0.01680786186627498
20260108,002792.SZ,-0.002442124015795139,2,1.0,0.07628869307276193
20260108,002639.SZ,-0.0044309997947669195,3,1.0,-0.017791634089132143
20260108,600783.SH,-0.005396001487840056,4,0.0,0.0
20260108,601106.SH,-0.005786462680356343,5,0.0,0.0
20260108,603488.SH,-0.00810076612401981,6,1.0,-0.09765589353612175
20260108,600135.SH,-0.008496475491427912,7,1.0,-0.09945548961424328
20260108,600869.SH,-0.011141103935391927,8,0.0,0.0
20260108,600637.SH,-0.015696515275083457,9,0.0,0.0
20260108,603015.SH,-0.016046678792054826,10,0.0,0.0
20260109,601106.SH,0.0004032560456999675,1,1.0,0.07269298245614014
20260109,603938.SH,-0.006708344769471043,2,1.0,0.02383333333333332
20260109,603015.SH,-0.007206665417380421,3,1.0,-0.09275248392752761
20260109,600477.SH,-0.007295887885396443,4,0.0,0.0
20260109,603017.SH,-0.01066300409489599,5,1.0,-0.06028800557880048
20260109,002342.SZ,-0.011998712929410136,6,0.0,0.0
20260109,600637.SH,-0.012409860649723261,7,0.0,0.0
20260109,600215.SH,-0.013381839786849734,8,1.0,-0.02825296912114011
20260109,002316.SZ,-0.015084610053767638,9,1.0,-0.1603441558441559
20260109,003007.SZ,-0.01600333391831407,10,0.0,0.0
20260112,600776.SH,0.0013857761350461635,1,0.0,0.0
20260112,603598.SH,-0.00012855892677037656,2,0.0,0.0
20260112,600477.SH,-0.006802430104522663,3,0.0,0.0
20260112,002342.SZ,-0.008020683627095376,4,1.0,0.09892084327764511
20260112,002131.SZ,-0.008047079120139288,5,0.0,0.0
20260112,600880.SH,-0.008600937142035466,6,0.0,0.0
20260112,002044.SZ,-0.010117717877967234,7,0.0,0.0
20260112,600676.SH,-0.011652040558774324,8,0.0,0.0
20260112,603496.SH,-0.013709374567157638,9,0.0,0.0
20260112,003007.SZ,-0.01449051840824121,10,0.0,0.0
20260113,603598.SH,-0.0024594518286734516,1,1.0,0.008405360688285849
20260113,001255.SZ,-0.005230072431518826,2,1.0,0.14217280681556516
20260113,002131.SZ,-0.007678101027749298,3,1.0,0.0407631578947369
20260113,002115.SZ,-0.007799496155029637,4,0.0,0.0
20260113,002769.SZ,-0.010197849763576251,5,1.0,-0.04023981415296645
20260113,600676.SH,-0.011071435623517669,6,0.0,0.0
20260113,002044.SZ,-0.01226575338781304,7,0.0,0.0
20260113,002574.SZ,-0.013809227866505515,8,1.0,-0.06792182890855464
20260113,000593.SZ,-0.01607531282964597,9,1.0,0.06375106642291278
20260113,601116.SH,-0.016820978814204905,10,0.0,0.0
20260114,002718.SZ,0.005971214646716702,1,1.0,-0.17864325636122952
20260114,001255.SZ,0.0036236754943648666,2,1.0,0.08521553610503257
20260114,603888.SH,-0.0008470796946569072,3,1.0,-0.17787883959044376
20260114,002574.SZ,-0.0036290772937032896,4,1.0,-0.17271192052980128
20260114,601116.SH,-0.004046578903473045,5,0.0,0.0
20260114,002465.SZ,-0.005034284276684873,6,1.0,-0.22611936560934903
20260114,603000.SH,-0.006650911550230898,7,1.0,-0.1417282608695652
20260114,002112.SZ,-0.016581063648501104,8,1.0,0.08744831013916493
20260114,601992.SH,-0.018446297368670792,9,1.0,-0.1556111111111111
20260114,002219.SZ,-0.02489758044836944,10,1.0,-0.19305218855218848
20260115,002112.SZ,-0.004221608846880694,1,0.0,0.0
20260115,605287.SH,-0.004597000785247327,2,0.0,0.0
20260115,600410.SH,-0.008421071761604504,3,1.0,-0.1281424394319131
20260115,600662.SH,-0.009138016708642272,4,1.0,-0.06210000000000009
20260115,002264.SZ,-0.012792060119563029,5,1.0,-0.06694260789715328
20260115,002707.SZ,-0.014236752166577882,6,1.0,-0.03592536475869817
20260115,002218.SZ,-0.018933270110417358,7,0.0,0.0
20260115,600785.SH,-0.0189387314335892,8,0.0,0.0
20260115,002153.SZ,-0.019852391043586846,9,1.0,0.11101606288448401
20260115,603056.SH,-0.022379218589561888,10,0.0,0.0
20260116,600785.SH,-0.006172554707100221,1,1.0,0.16537179487179493
20260116,002796.SZ,-0.0071149121185001985,2,1.0,-0.02707336343115124
20260116,600058.SH,-0.014104777730431596,3,0.0,0.0
20260116,002119.SZ,-0.017153460863917093,4,1.0,0.10969887103777659
20260116,603056.SH,-0.02303434392853749,5,1.0,-0.002905951115834078
20260119,603061.SH,0.0067660858278380965,1,1.0,0.06156722329265669
20260119,603667.SH,-0.004854320552395382,2,1.0,-0.00865730337078668
20260119,601616.SH,-0.005348071195907363,3,1.0,0.05672448979591844
20260119,000720.SZ,-0.006195792109028836,4,1.0,-0.10206097560975608
20260119,002498.SZ,-0.0069901398355439815,5,0.0,0.0
20260119,002358.SZ,-0.008015753035049394,6,0.0,0.0
20260119,601096.SH,-0.00839188335859362,7,1.0,-0.04709259259259262
20260119,002339.SZ,-0.009614394372055286,8,1.0,-0.06797826086956521
20260119,002028.SZ,-0.010422247372102835,9,1.0,-0.03216115090145715
20260120,002931.SZ,0.00897591230604334,1,0.0,0.0
20260120,000949.SZ,-0.005236132487982147,2,1.0,-0.04296153846153832
20260120,002201.SZ,-0.006717578069671054,3,1.0,0.016776595744680992
20260120,600230.SH,-0.012165240897213318,4,1.0,-0.11822745490981951
20260120,000506.SZ,-0.012285346907522091,5,1.0,0.07212409772348688
20260120,603926.SH,-0.013521577892939087,6,1.0,0.12055335040546294
20260120,002358.SZ,-0.015781629285550765,7,1.0,-0.07876376440460936
20260120,002498.SZ,-0.016505138483553214,8,1.0,-0.06547560975609762
20260120,601616.SH,-0.01717185574071034,9,1.0,0.04831690140845075
20260120,002969.SZ,-0.021528140468457753,10,1.0,0.02146153846153859
20260121,002716.SZ,-0.0023050215487178706,1,1.0,0.2522672080433101
20260121,601212.SH,-0.0029038069415106837,2,1.0,0.2500454545454544
20260121,000506.SZ,-0.004012613436159308,3,1.0,0.0982434104357181
20260121,603926.SH,-0.005148575469668798,4,1.0,0.10959090909090924
20260121,002931.SZ,-0.005291431086300005,5,0.0,0.0
20260121,000048.SZ,-0.009675650437999577,6,1.0,0.020252475247524552
20260121,000670.SZ,-0.015257656323131594,7,0.0,0.0
20260121,002165.SZ,-0.017112306038325642,8,1.0,0.05487500000000018
20260121,603078.SH,-0.018420546704678725,9,0.0,0.0
20260121,002809.SZ,-0.01963475782991607,10,1.0,0.05554803843074447
20260122,002716.SZ,0.007892983020350018,1,1.0,0.1155000000000001
20260122,601212.SH,0.0006879094103057985,2,0.0,0.0
20260122,600759.SH,-0.0010249486863922177,3,1.0,0.051706088992974526
20260122,002342.SZ,-0.0016260424815595807,4,1.0,0.05846296296296289
20260122,603608.SH,-0.002407197013169226,5,1.0,-0.024012195121951237
20260122,000036.SZ,-0.0025680649580786356,6,1.0,0.001305515239477588
20260122,001202.SZ,-0.008917870157921613,7,1.0,-0.20767869415807555
20260122,000880.SZ,-0.01751523359344704,8,1.0,0.002078947368421018
20260122,000670.SZ,-0.01954960944933625,9,1.0,-0.13284224598930489
20260122,603078.SH,-0.01993126134452912,10,0.0,0.0
20260123,002149.SZ,-0.0006306392975450742,1,1.0,0.10131395348837197
20260123,002943.SZ,-0.0017734148176377432,2,0.0,0.0
20260123,002865.SZ,-0.002698259403909625,3,0.0,0.0
20260123,002471.SZ,-0.0034918854246735265,4,1.0,-0.031166666666666617
20260123,603095.SH,-0.005918976445679836,5,1.0,-0.1267014925373135
20260123,002342.SZ,-0.011309448307743723,6,1.0,-0.09540909090909094
20260123,002636.SZ,-0.012336360482984577,7,1.0,0.01745217561740481
20260123,001316.SZ,-0.01493469210370283,8,1.0,-0.1324728199320498
20260126,600986.SH,0.0047686628925672925,1,1.0,-0.08842101551480946
20260126,002218.SZ,0.0027269242028628727,2,1.0,0.1529675324675323
20260126,000593.SZ,0.0021791072764667276,3,1.0,-0.08783333333333326
20260126,002623.SZ,0.001679265433874106,4,1.0,0.12240114068441071
20260126,001337.SZ,-0.0008112447766761652,5,1.0,0.2054167571480276
20260126,002667.SZ,-0.004375362494716425,6,1.0,0.030291776489193404
20260126,002506.SZ,-0.007274956176072654,7,1.0,0.06650591715976323
20260126,600531.SH,-0.008272329486801105,8,1.0,0.10205327663831948
20260126,600916.SH,-0.008963424946410992,9,1.0,0.37340157845868166
20260126,601615.SH,-0.009090803395725938,10,1.0,0.1409545454545455
20260127,001337.SZ,0.0047826687799876946,1,1.0,0.14471874999999995
20260127,002218.SZ,-0.001640921714331207,2,1.0,-0.025088235294117463
20260127,600531.SH,-0.0028301163741301,3,1.0,0.11228160919540237
20260127,003042.SZ,-0.008168546368396519,4,1.0,0.04550000000000005
20260127,002524.SZ,-0.00836678708900797,5,1.0,-0.05449999999999993
20260127,603132.SH,-0.009539724399237384,6,1.0,0.05159756097560981
20260127,002995.SZ,-0.011222122918140003,7,1.0,0.14332016348773874
20260127,000506.SZ,-0.011557933867411128,8,1.0,0.13175498007968106
20260127,600916.SH,-0.014036222290814379,9,0.0,0.0
20260127,002155.SZ,-0.014584261141660133,10,0.0,0.0
20260128,603052.SH,-0.0033689868117007526,1,1.0,0.03405232100708106
20260128,002119.SZ,-0.005196628657308591,2,1.0,0.0159236006051437
20260128,603132.SH,-0.006045258059558287,3,1.0,-0.25111857529305676
20260128,000506.SZ,-0.010813094364353416,4,0.0,0.0
20260128,002155.SZ,-0.018223772585183377,5,0.0,0.0
20260129,600759.SH,0.008310376803739168,1,1.0,-0.242513698630137
20260129,002440.SZ,0.003767661071578294,2,1.0,0.06754861111111116
20260129,000630.SZ,0.0012550349015148596,3,1.0,-0.19540909090909092
20260129,603619.SH,6.075490623781883e-05,4,1.0,-0.2445000000000001
20260129,001376.SZ,-0.0004998567890427234,5,1.0,-0.07390451745379883
20260129,603958.SH,-0.0019443185520193898,6,0.0,0.0
20260129,002207.SZ,-0.004039689670793901,7,1.0,-0.19998218940052132
20260129,600871.SH,-0.00468123054028977,8,1.0,-0.1542005988023954
20260129,002455.SZ,-0.009076685477831404,9,1.0,0.10457127429805618
20260129,601388.SH,-0.009113093341986447,10,1.0,-0.04376096997690531
20260130,002995.SZ,0.0032590311553207484,1,1.0,0.017493716081119663
20260130,000995.SZ,-0.006261299789294097,2,1.0,0.23368897637795277
20260130,603172.SH,-0.011904060245173051,3,0.0,0.0
20260130,603103.SH,-0.012745307360247022,4,0.0,0.0
20260130,600084.SH,-0.01896466546745892,5,1.0,0.12122254335260124
20260130,002455.SZ,-0.021204494671977214,6,1.0,-0.014611223458038499
20260202,000995.SZ,-0.003937336959003383,1,1.0,0.15752090592334506
20260202,002491.SZ,-0.004071553228376622,2,1.0,0.053639534883721036
20260202,002830.SZ,-0.005907344645707448,3,0.0,0.0
20260202,600828.SH,-0.007025406719895186,4,1.0,0.013939716312056653
20260202,603861.SH,-0.008622123306950742,5,1.0,-0.08758457711442785
20260202,603629.SH,-0.009438491527413996,6,0.0,0.0
20260202,605151.SH,-0.010375741795025092,7,1.0,-0.22373513820522523
20260202,603103.SH,-0.014447770913239948,8,0.0,0.0
20260202,603618.SH,-0.01463809476650084,9,0.0,0.0
20260202,603172.SH,-0.01681770862763885,10,0.0,0.0
20260203,002471.SZ,0.000703566631433318,1,1.0,-0.027904255319148915
20260203,002830.SZ,-0.004267774503337553,2,1.0,0.11291752394466109
20260203,002112.SZ,-0.006948735430566014,3,1.0,-0.05268780889621077
20260203,603618.SH,-0.014971578461843688,4,1.0,0.02963821815154039
20260203,000533.SZ,-0.017568300091350724,5,1.0,0.027275700934579376
20260203,600785.SH,-0.019505162684812425,6,1.0,-0.07334615384615378
20260204,002126.SZ,0.012081376365033992,1,1.0,-0.01321559633027541
20260204,002342.SZ,0.008560471275314814,2,1.0,0.1796505131128851
20260204,603778.SH,0.001605569468187313,3,1.0,-0.03211104441776718
20260204,000039.SZ,0.00014022899405509437,4,1.0,-0.05622413793103447
20260204,600330.SH,-0.0009943116127926182,5,1.0,-0.013993670886076112
20260204,600683.SH,-0.008602755158786066,6,1.0,0.04216666666666664
20260204,600481.SH,-0.011448160836099005,7,1.0,-0.11674489795918358
20260204,000533.SZ,-0.017794511792794402,8,1.0,0.007107142857142927
20260205,002506.SZ,0.0002929282129881614,1,1.0,0.27729551122194523
20260205,002355.SZ,-0.00483497327904818,2,1.0,-0.014010869565217406
20260205,603334.SH,-0.008562626430532972,3,1.0,0.00264285714285734
20260205,603826.SH,-0.009264445294095798,4,1.0,-0.014455201592832142
20260205,600814.SH,-0.010065184436154902,5,0.0,0.0
20260205,600683.SH,-0.01189867206245159,6,1.0,-0.04086363636363615
20260205,603616.SH,-0.014533831569934224,7,0.0,0.0
20260205,601015.SH,-0.01514050464398708,8,1.0,0.003222007722007707
20260206,002506.SZ,0.01266349236449501,1,1.0,0.0194043824701195
20260206,002361.SZ,0.008272251995968845,2,1.0,-0.052824742268041174
20260206,600814.SH,-0.01216177104396738,3,1.0,-0.057870786516854004
20260206,003018.SZ,-0.012336803582163009,4,0.0,0.0
20260206,000056.SZ,-0.012580862537102574,5,1.0,0.03879004329004338
20260206,603616.SH,-0.017970789331499898,6,1.0,-0.008029411764705893
20260209,002054.SZ,0.010201573600397794,1,1.0,-0.029270642201834892
20260209,002015.SZ,0.0034640834554057025,2,1.0,-0.050712121212121146
20260209,600722.SH,0.0008866353895084205,3,1.0,-0.0023880675818373455
20260209,002099.SZ,-0.0010932465123766602,4,1.0,0.018502421307506182
20260209,002440.SZ,-0.0024195507860830974,5,1.0,-0.02768094011590477
20260209,600884.SH,-0.0031257897028798354,6,1.0,-0.04137499999999999
20260209,603626.SH,-0.0034278312028660444,7,1.0,-0.05204990925589841
20260209,002830.SZ,-0.0034941369418721047,8,1.0,-0.21858371040723984
20260209,002455.SZ,-0.0072861388646513914,9,0.0,0.0
20260209,003018.SZ,-0.014129052772169642,10,1.0,-0.08221575783598106
20260210,002323.SZ,0.013757413793555695,1,1.0,0.004233624454148492
20260210,002429.SZ,0.00011940930456998816,2,1.0,-0.06500420168067228
20260210,605287.SH,-0.00048072977747949316,3,0.0,0.0
20260210,603980.SH,-0.005097019663974023,4,1.0,0.03262574850299411
20260210,000892.SZ,-0.00586039640978709,5,0.0,0.0
20260210,603533.SH,-0.008908577229814968,6,0.0,0.0
20260210,603466.SH,-0.009381488863791138,7,1.0,-0.08895945945945954
20260210,600589.SH,-0.010280154805797904,8,0.0,0.0
20260210,002455.SZ,-0.010541683761510452,9,1.0,0.023067195037905056
20260210,603729.SH,-0.01155393524264652,10,0.0,0.0
20260211,002323.SZ,0.0068267490816412615,1,1.0,-0.025686440677966046
20260211,000892.SZ,0.006244209158250526,2,1.0,-0.061932432432432676
20260211,605287.SH,0.0006076048292671388,3,1.0,0.023506589785831703
20260211,600589.SH,-0.007969712733161024,4,0.0,0.0
20260211,000070.SZ,-0.008958434493751513,5,0.0,0.0
20260211,603980.SH,-0.010435273589546627,6,1.0,-0.06521428571428572
20260211,603533.SH,-0.01050267378668411,7,0.0,0.0
20260211,002723.SZ,-0.015745558623848112,8,1.0,-0.13086363636363635
20260211,603968.SH,-0.01781391409206025,9,1.0,0.06526744186046501
20260211,603729.SH,-0.022774888099394482,10,1.0,-0.16060176800344989
20260212,000962.SZ,0.015025557382843427,1,1.0,-0.030072282944937186
20260212,002842.SZ,0.007701030373169543,2,1.0,-0.019663607342378316
20260212,600545.SH,0.004585076279030339,3,1.0,-0.05713157894736836
20260212,001896.SZ,0.0018396960278969383,4,0.0,0.0
20260212,002951.SZ,-0.006904948721140415,5,1.0,-0.04793163538873995
20260212,600397.SH,-0.008437716806129793,6,1.0,0.15371917808219177
20260212,000070.SZ,-0.00844093175714435,7,1.0,-0.046078947368420935
20260212,603138.SH,-0.009850900073192038,8,1.0,-0.07877055702917785
20260212,605033.SH,-0.012046877292945762,9,0.0,0.0
20260212,605006.SH,-0.019042797858377116,10,1.0,0.08118548387096775
20260213,002951.SZ,0.0011816568231125656,1,1.0,-0.15337063655030808
20260213,002498.SZ,0.00025232680409776644,2,1.0,0.15042957746478874
20260213,001896.SZ,-0.005882888726105644,3,0.0,0.0
20260213,605033.SH,-0.015481024803933745,4,0.0,0.0
20260224,601890.SH,0.0022128194705320816,1,1.0,-0.01183675715333837
20260224,002498.SZ,0.000371092235986711,2,1.0,0.07468263090676891
20260224,603466.SH,-0.0016942132786341097,3,1.0,0.028484714400643655
20260224,605289.SH,-0.005419948145987386,4,1.0,0.13526456504389478
20260224,000890.SZ,-0.00996834729693866,5,1.0,-0.011368131868131955
20260225,600759.SH,0.012728591105245613,1,1.0,0.030675879396984965
20260225,603077.SH,-0.001210336104318764,2,1.0,-0.02737581699346397
20260225,600470.SH,-0.005196262702812,3,1.0,-0.06510606060606056
20260225,002811.SZ,-0.005657343912797265,4,0.0,0.0
20260225,001396.SZ,-0.007319297273514179,5,0.0,0.0
20260225,603601.SH,-0.009504220356578897,6,1.0,0.03214122137404569
20260225,600078.SH,-0.009862512367937589,7,0.0,0.0
20260225,000890.SZ,-0.010012436552289217,8,1.0,-0.008632231404958553
20260225,000545.SZ,-0.012765362923191964,9,1.0,0.015614942528735468
20260225,002470.SZ,-0.01695801649138931,10,0.0,0.0
20260226,002378.SZ,-0.0002642246437532282,1,1.0,0.1400251686559419
20260226,000826.SZ,-0.001851487689827974,2,1.0,-0.14009322033898325
20260226,001209.SZ,-0.009612971463510199,3,1.0,0.012346361185983704
20260226,002428.SZ,-0.013060174059301561,4,1.0,0.031326242722794446
20260226,000899.SZ,-0.014296385112515752,5,1.0,0.10692454160789872
20260226,600078.SH,-0.016760263578956155,6,1.0,-0.07567934403349613
20260226,002470.SZ,-0.018124307299924897,7,1.0,0.02928378378378377
20260227,600498.SH,-0.00395605724616804,1,1.0,0.044409090909090794
20260227,603950.SH,-0.006177342417743557,2,1.0,0.08497368421052615
20260227,002843.SZ,-0.007978131413582569,3,1.0,0.13144040968342646
20260227,002378.SZ,-0.008487719106514045,4,0.0,0.0
20260227,603530.SH,-0.009812933204067464,5,1.0,0.02391947814525514
20260227,600744.SH,-0.010179521239165875,6,1.0,0.03444472361809021
20260227,002350.SZ,-0.011149098456874404,7,1.0,-0.047519480519480566
20260227,001209.SZ,-0.012710940249397935,8,1.0,-0.10599603989439738
20260227,000899.SZ,-0.01955713078781146,9,1.0,-0.045494623655913995
20260302,600301.SH,0.011970931245589211,1,1.0,-0.02534507042253514
20260302,000510.SZ,0.011853353780973243,2,1.0,-0.11599081589064503
20260302,603738.SH,0.0069320656648997545,3,1.0,-0.06111157024793395
20260302,600452.SH,-0.0005619778359818133,4,1.0,-0.005197350069734925
20260302,002980.SZ,-0.003346277975012432,5,0.0,0.0
20260302,600108.SH,-0.005629825581999377,6,0.0,0.0
20260302,002356.SZ,-0.008259525307606043,7,1.0,-0.04956437768240334
20260302,002843.SZ,-0.009478607885700267,8,1.0,-0.026913793103448266
20260302,000035.SZ,-0.01024363183892881,9,1.0,-0.06601832460732976
20260302,600498.SH,-0.0184491897479036,10,1.0,-0.043192004793699605
20260303,600759.SH,0.009072202046462427,1,0.0,0.0
20260303,600722.SH,0.00611003532971522,2,1.0,-0.019282608695652178
20260303,002490.SZ,0.0036556821727610246,3,0.0,0.0
20260303,002207.SZ,0.003046882353843483,4,1.0,-0.04117136812411842
20260303,002980.SZ,0.002510960720776093,5,1.0,-0.09540909090909083
20260303,603619.SH,0.0017531733995084647,6,1.0,-0.1194854711498547
20260303,000554.SZ,0.00025563451250531534,7,1.0,-0.11766010058675608
20260303,600871.SH,-0.001677042103864451,8,0.0,0.0
20260303,002828.SZ,-0.004073358298648333,9,1.0,-0.17107350475125777
20260303,603318.SH,-0.016273309345428918,10,0.0,0.0
20260304,002207.SZ,0.018034887863844433,1,1.0,-0.025194752402069306
20260304,600759.SH,0.009954281314716982,2,1.0,-0.028771844660194387
20260304,600871.SH,0.00728683544812281,3,1.0,-0.11267307692307688
20260304,002490.SZ,0.004713038993026683,4,1.0,0.07708116063919251
20260305,000533.SZ,0.004102077439393649,1,0.0,0.0
20260305,002339.SZ,0.0018702090272698594,2,1.0,-0.015285824345146411
20260305,600545.SH,0.0017542476414117488,3,1.0,-0.041999999999999975
20260305,002498.SZ,-0.0015992326366569493,4,1.0,0.05944129979035657
20260305,605268.SH,-0.00383063481367451,5,0.0,0.0
20260305,002877.SZ,-0.006077617033204159,6,1.0,0.030717794253938894
20260306,600545.SH,-0.0030826189450159445,1,1.0,0.016118556701030854
20260306,000533.SZ,-0.003628145315091264,2,1.0,0.13255583756345185
20260306,002498.SZ,-0.004162266581960959,3,1.0,-0.009581300813008283
20260306,000509.SZ,-0.008685556186518359,4,1.0,0.0189375
20260306,600590.SH,-0.011111248595748534,5,1.0,0.061322784810126714
20260306,605268.SH,-0.012057731862428358,6,0.0,0.0
20260306,002913.SZ,-0.013057162065223605,7,1.0,0.035245321242523615
20260306,000815.SZ,-0.021292527079677326,8,1.0,0.15097489413188153
20260309,600227.SH,0.0058816912702235515,1,1.0,0.06121428571428562
20260309,000534.SZ,0.0006746840155572222,2,1.0,-0.0117340425531916
20260309,000601.SZ,-0.0008190004014665929,3,1.0,0.03337878787878785
20260309,002261.SZ,-0.0028907238326928804,4,1.0,-0.014938908659549218
20260309,601567.SH,-0.0030943389481541362,5,1.0,0.00013678516228749372
20260309,002015.SZ,-0.003199283549718994,6,1.0,0.05096492659053826
20260309,600821.SH,-0.008372303911291441,7,0.0,0.0
20260309,601789.SH,-0.008782829280608025,8,0.0,0.0
20260309,000815.SZ,-0.008883742230123236,9,1.0,-0.05026538663861118
20260310,002575.SZ,0.0019236167317403328,1,1.0,-0.08729569892473138
20260310,600135.SH,-0.0072366449501474195,2,1.0,0.009479496738117491
20260310,002445.SZ,-0.007467075052788067,3,0.0,0.0
20260310,002903.SZ,-0.009463736710319876,4,1.0,-0.12524882995319814
20260310,601789.SH,-0.014798130199925718,5,1.0,0.06962790697674398
20260311,000839.SZ,0.004201603692519694,1,1.0,-0.12709615384615397
20260311,600172.SH,0.0038465414126877314,2,1.0,-0.045571428571428534
20260311,603421.SH,-0.0025784111056449755,3,1.0,-0.027993360572012124
20260311,600108.SH,-0.0031775517520118675,4,1.0,-0.020917910447761087
20260311,600769.SH,-0.004230415668235759,5,1.0,-0.03645739014647147
20260311,600726.SH,-0.00522186908350351,6,1.0,0.05059641873278226
20260311,603803.SH,-0.010171947964681754,7,1.0,0.07150341588386006
20260311,000537.SZ,-0.0167449503329861,8,1.0,0.0761451612903225
20260311,002445.SZ,-0.02040897347814332,9,0.0,0.0
20260312,600722.SH,0.008462472757374445,1,1.0,0.15987499999999993
20260312,601868.SH,0.00023848314673403752,2,1.0,-0.08344736842105255
20260312,601330.SH,-0.002070068095916749,3,1.0,-0.032760869565217336
20260312,601016.SH,-0.003350409147693188,4,1.0,-0.09777548806941455
20260312,002150.SZ,-0.008050354151530967,5,1.0,-0.0338939393939393
20260312,600726.SH,-0.014199728234026491,6,1.0,0.031214285714285587
20260312,000537.SZ,-0.018624822508351152,7,0.0,0.0
20260313,600370.SH,0.013196118632831566,1,1.0,0.10288255033557053
20260313,600722.SH,0.010052438522150686,2,1.0,0.04980932703659952
20260313,002487.SZ,0.0036008734172745336,3,1.0,-0.06753760137625947
20260313,000890.SZ,-0.003081430311256815,4,1.0,0.16096762589928065
20260313,600691.SH,-0.007661529942997606,5,1.0,-0.035749999999999886
20260313,600121.SH,-0.01186166001978281,6,1.0,-0.0971573426573426
20260316,600227.SH,0.010530941929897461,1,1.0,0.11289130434782607
20260316,000890.SZ,0.009838695267339456,2,1.0,0.03215338645418315
20260316,603248.SH,-0.005173426008777994,3,1.0,0.1253701298701299
20260316,600370.SH,-0.006938310847551527,4,1.0,0.17731818181818165
20260316,600683.SH,-0.007761420718003085,5,0.0,0.0
20260316,603929.SH,-0.012506952237894916,6,1.0,0.06719344870210148
20260317,600227.SH,0.005338308308197979,1,1.0,-0.08200472589792068
20260317,603778.SH,0.000880198057878083,2,1.0,-0.06282320777642775
20260317,603929.SH,-0.0007647911761334385,3,1.0,0.006546545077958659
20260317,000533.SZ,-0.0008291423829797362,4,1.0,-0.0469821002386635
20260317,600545.SH,-0.002514547353121923,5,1.0,-0.07825271149674645
20260317,600683.SH,-0.005455577160364107,6,1.0,-0.12540909090909086
20260317,603248.SH,-0.007747091556975878,7,1.0,-0.1132080250426864
20260317,600396.SH,-0.010890953211967704,8,0.0,0.0
20260317,000020.SZ,-0.013739201533814088,9,0.0,0.0
20260318,002323.SZ,-0.0032947715597854525,1,1.0,-0.14311386138613863
20260318,000020.SZ,-0.009344642493346713,2,0.0,0.0
20260318,002565.SZ,-0.009832863132983467,3,1.0,0.013670805572380155
20260318,600396.SH,-0.011914024447902908,4,1.0,0.19015648854961825
20260318,603387.SH,-0.012386693670786118,5,1.0,-0.14279787234042535
20260318,600307.SH,-0.012648156957490914,6,1.0,-0.10033333333333344
20260319,002432.SZ,0.0028907798319962787,1,1.0,-0.05952789084878634
20260319,603687.SH,0.00022130058472570775,2,0.0,0.0
20260319,000815.SZ,0.00015525386829520933,3,1.0,-0.01682665639445285
20260319,000601.SZ,-0.0058707719820946655,4,1.0,-0.032790282902828975
20260319,000539.SZ,-0.008209550718144347,5,1.0,0.03510396039603964
20260319,600666.SH,-0.013922889002458114,6,1.0,-0.10490983606557386
20260320,600726.SH,0.0001446351150251081,1,1.0,-0.06476365348399243
20260320,603687.SH,-0.004350983198098056,2,0.0,0.0
20260320,002310.SZ,-0.004966626309646701,3,1.0,-0.018350415512465353
20260320,600617.SH,-0.0075476525471478186,4,1.0,-0.02661302211302224
20260320,000601.SZ,-0.008210580635644168,5,1.0,-0.01188916256157618
20260323,002310.SZ,0.00343201742133961,1,1.0,-0.035749999999999886
20260323,002150.SZ,-0.0069058421524834795,2,1.0,-0.04514396938506198
20260323,002309.SZ,-0.011285840128070126,3,0.0,0.0
20260324,600032.SH,-0.005435533364363285,1,1.0,0.043568669527897126
20260324,002218.SZ,-0.006248250488676195,2,1.0,-0.09117529107373884
20260324,002309.SZ,-0.012843569675470509,3,1.0,0.00999275362318847
20260324,600758.SH,-0.01738312718943715,4,0.0,0.0
20260325,000539.SZ,0.003695649631092838,1,1.0,-0.082625
20260325,002491.SZ,0.00020817370394009098,2,1.0,-0.0630701981050818
20260325,600666.SH,0.00015420288671713286,3,0.0,0.0
20260325,000720.SZ,-0.001605631274700277,4,0.0,0.0
20260325,600539.SH,-0.0018249075775802924,5,0.0,0.0
20260325,600032.SH,-0.003963745944931046,6,1.0,-0.051485121378230185
20260325,600698.SH,-0.004462885984991362,7,1.0,-0.0067909507445588725
20260325,605299.SH,-0.011261322060330786,8,1.0,-0.10764136125654461
20260325,000722.SZ,-0.012121724303858382,9,1.0,-0.006187289088863952
20260325,600758.SH,-0.014427567649638266,10,1.0,-0.007996503496503545
20260326,002192.SZ,0.0023365728657949603,1,1.0,0.12014202918314493
20260326,603538.SH,-0.00296265952226163,2,1.0,0.06060279388508189
20260326,000722.SZ,-0.0030663141522748703,3,1.0,-0.16381108719052734
20260326,600726.SH,-0.005697033698103942,4,1.0,-0.13294036697247696
20260326,000720.SZ,-0.006653380537778971,5,1.0,-0.059748618784530354
20260326,000927.SZ,-0.007440184509448179,6,1.0,-0.11196268656716407
20260326,600800.SH,-0.011421435300663373,7,1.0,-0.12487037037037035
20260326,603601.SH,-0.014634296047540324,8,1.0,0.07146899224806197
20260326,600163.SH,-0.01926345819439048,9,1.0,-0.20177891156462585
20260326,002902.SZ,-0.02143733240841688,10,1.0,-0.0034436619718308204
20260327,002361.SZ,0.008294073714802447,1,1.0,0.22960620792819747
20260327,603272.SH,0.003328555896290098,2,1.0,0.05150247524752478
20260327,600844.SH,0.002255773011546676,3,0.0,0.0
20260327,600310.SH,0.001570450041272849,4,1.0,-0.09605937052932773
20260327,603026.SH,0.0015028917721737773,5,1.0,-0.058619632872665965
20260327,002082.SZ,-0.0030192309430381184,6,1.0,0.021599925428784365
20260327,000767.SZ,-0.008210825625638645,7,1.0,-0.12522434607645877
20260327,002263.SZ,-0.008716174485528036,8,1.0,-0.02608273381294973
20260330,603272.SH,0.008349120478370371,1,1.0,-0.12474269167126323
20260330,600539.SH,0.005760988703659858,2,1.0,-0.03677931488801061
20260330,600513.SH,0.0030175371287453675,3,1.0,0.044519607843137306
20260330,600955.SH,-0.0017956043442226288,4,1.0,-0.06906776947705434
20260330,002038.SZ,-0.0022539139769374925,5,1.0,0.041021292217327594
20260330,002361.SZ,-0.0037644616750685117,6,1.0,0.062373065015480074
20260330,000890.SZ,-0.004141083113606649,7,1.0,0.030867545076282924
20260330,600488.SH,-0.005574878087990093,8,1.0,0.5325741482965929
20260330,003042.SZ,-0.006925630187644376,9,1.0,-0.07628714859437774
20260330,603585.SH,-0.00782988174246311,10,1.0,-0.0480164835164834
20260331,002634.SZ,0.0033556901024222457,1,0.0,0.0
20260331,002578.SZ,-0.007021683200513545,2,1.0,-0.057918803418803226
20260331,000592.SZ,-0.008018903134049358,3,1.0,-0.017078616352201145
20260331,600488.SH,-0.009303492608993155,4,0.0,0.0
20260331,600502.SH,-0.009442485076214466,5,1.0,-0.05756799336650081
20260401,605162.SH,0.0006955662381541144,1,1.0,0.011917910447761085
20260401,002560.SZ,-2.4022137819990075e-05,2,1.0,-0.021436104695919885
20260401,002821.SZ,-0.005128049862494233,3,1.0,-0.01094953240890045
20260402,002560.SZ,0.0047244272296677,1,1.0,-0.035704644412191615
20260402,000788.SZ,-0.006650411807720583,2,1.0,-0.06125675675675673
20260402,605162.SH,-0.006895655172814541,3,1.0,-0.0853011049723757
20260402,600594.SH,-0.007318415371811178,4,1.0,-0.027369022869022704
20260403,000720.SZ,-0.0010525888850105294,1,1.0,0.08011538461538475
20260403,000586.SZ,-0.003810159288711366,2,0.0,0.0
20260407,002980.SZ,-0.0014095477888557703,1,1.0,-0.0386818181818182
20260407,000586.SZ,-0.010084761810243465,2,0.0,0.0
20260407,605589.SH,-0.010810845100404316,3,1.0,0.005500000000000009
20260407,603123.SH,-0.011707863645891298,4,1.0,-0.007622560499609683
20260407,600654.SH,-0.012885358448044313,5,1.0,0.17050000000000004
20260407,000720.SZ,-0.013999049473205846,6,1.0,-0.11673021582733817
20260408,002957.SZ,0.008959846232204147,1,1.0,-0.03639300411522633
20260408,000919.SZ,-0.000332023469211502,2,1.0,-0.1268581757508343
20260408,002491.SZ,-0.0010418334081769781,3,1.0,-0.06607793457344452
20260408,600743.SH,-0.004275293805234592,4,1.0,0.20004545454545436
20260408,002348.SZ,-0.006038916851482218,5,1.0,-0.0518684210526315
20260408,605162.SH,-0.00881632662987338,6,1.0,-0.06436394557823116
20260408,002663.SZ,-0.010748264796416423,7,0.0,0.0
20260408,002181.SZ,-0.015628000338680528,8,1.0,-0.08639655172413802
20260408,600654.SH,-0.017250913361400298,9,0.0,0.0
20260408,002051.SZ,-0.01828969868456098,10,1.0,-0.1060999999999998
20260409,605318.SH,0.010850339292965682,1,1.0,0.014068208650853401
20260409,603757.SH,0.010106374592153968,2,1.0,0.05757547169811334
20260409,002536.SZ,0.003983391188061666,3,1.0,-0.003044819557625196
20260409,600743.SH,0.00102487217286093,4,1.0,0.3043803088803089
20260409,002342.SZ,-0.0004896973591189072,5,1.0,0.02237499999999998
20260409,603950.SH,-0.002210386559420772,6,0.0,0.0
20260409,002213.SZ,-0.0025119834593786564,7,1.0,0.02692943487458427
20260409,000889.SZ,-0.002769921768569478,8,0.0,0.0
20260409,603777.SH,-0.0071877827481761055,9,1.0,0.03269256148770223
20260409,002975.SZ,-0.014119580785614896,10,1.0,0.031626500461680425
20260410,002328.SZ,0.000612411002608117,1,0.0,0.0
20260410,002824.SZ,-0.002284269754304965,2,1.0,0.08913745498199271
20260410,600345.SH,-0.0034763869863048543,3,1.0,-0.05013636363636358
20260410,603777.SH,-0.003855909506849834,4,1.0,0.0030801749271138256
20260410,002364.SZ,-0.004400417367339696,5,0.0,0.0
20260410,000889.SZ,-0.006625692883224709,6,1.0,0.030546728971962703
20260410,603773.SH,-0.008977295571874974,7,1.0,0.07982871476349723
20260410,002962.SZ,-0.009505811155023225,8,1.0,0.010979876160990668
20260410,600707.SH,-0.016863166152560366,9,1.0,-0.024643884892086406
20260410,603950.SH,-0.019687888676985447,10,1.0,0.023384615384615285
20260413,002418.SZ,8.642732791506146e-05,1,1.0,-0.07213285024154598
20260413,002580.SZ,-0.0015589076090538794,2,1.0,0.10431965774462476
20260413,605255.SH,-0.006898889037588918,3,1.0,0.0117659755116632
20260413,001299.SZ,-0.007768875183543429,4,1.0,-0.011558823529411674
20260413,002364.SZ,-0.00916659735456836,5,1.0,0.01835714285714291
20260414,002980.SZ,0.007382980487860459,1,1.0,-0.05433194505333943
20260414,600152.SH,0.005101095926553348,2,1.0,-0.021435483870967772
20260414,600396.SH,-0.0007267762303767699,3,1.0,-0.08814083640836406
20260414,002124.SZ,-0.0021712937385176103,4,1.0,-0.04128929765886296
20260414,002297.SZ,-0.010502708628869217,5,0.0,0.0
20260414,001299.SZ,-0.011186757360900785,6,1.0,-0.17824727668845314
20260415,603629.SH,0.0006511017448105078,1,1.0,0.16070750426378616
20260415,600664.SH,-0.0007900841327002101,2,1.0,-0.10662765957446824
20260415,002051.SZ,-0.001882631380534283,3,1.0,0.018030329289428108
20260415,002990.SZ,-0.003714640518723513,4,1.0,0.19658439415370105
20260415,603698.SH,-0.004175431825362388,5,1.0,0.14026439790575912
20260415,002124.SZ,-0.006711798676408498,6,1.0,-0.06005555555555558
20260415,600605.SH,-0.008910873059880748,7,1.0,-0.04106250000000005
20260415,000889.SZ,-0.011450405211216638,8,1.0,0.12241466083150992
20260415,002297.SZ,-0.017052515144902494,9,0.0,0.0
20260416,603687.SH,0.017350338242555642,1,1.0,-0.03236377708978327
20260416,605388.SH,0.0049466606801910565,2,1.0,-0.005690476190476297
20260416,600683.SH,-0.0024183045823970356,3,1.0,-0.029541736227045087
20260416,002468.SZ,-0.004719634959766576,4,1.0,-0.05058550805108291
20260416,002990.SZ,-0.008292125362570409,5,1.0,0.09098574994799241
20260416,002033.SZ,-0.008457815621478244,6,1.0,-0.04113003663003672
20260417,603315.SH,0.004203825792751087,1,1.0,-0.10523452256033566
20260417,600156.SH,-0.0060242958110213515,2,1.0,0.14851724137931027
20260417,603052.SH,-0.00692937299231923,3,1.0,0.02595220377790514
20260417,002940.SZ,-0.007210140304587552,4,1.0,-0.0805095011876486
20260417,605388.SH,-0.008047816242153213,5,1.0,0.011790726817042244
20260417,002802.SZ,-0.00900309499346812,6,1.0,-0.10468326206475259
20260417,600683.SH,-0.009075447228456763,7,1.0,-0.058856514788169494
20260417,600961.SH,-0.009280216574882266,8,0.0,0.0
20260420,603178.SH,0.003750462302559569,1,1.0,0.24833630470016183
20260420,600234.SH,0.002930418560545234,2,1.0,0.01558215426745763
20260420,600330.SH,-0.004523013627344307,3,1.0,0.04236192468619255
20260420,600707.SH,-0.004592251598500898,4,1.0,0.013933179723502224
20260420,603773.SH,-0.005560926580757897,5,1.0,0.03516666666666674
20260420,600156.SH,-0.005949700889883358,6,0.0,0.0
20260420,002418.SZ,-0.007958104568032384,7,1.0,-0.10594927536231896
20260420,002081.SZ,-0.009767094239022162,8,1.0,0.21091950113378694
20260420,600961.SH,-0.01079937919453874,9,0.0,0.0
20260420,002217.SZ,-0.018985819676457856,10,1.0,-0.06313192182410404
20260421,603178.SH,-0.004421162017502915,1,1.0,-0.1205714285714285
20260421,002361.SZ,-0.0045452076357216575,2,1.0,0.004404719501335645
20260421,600979.SH,-0.008605923513796732,3,1.0,-0.04593126177024492
20260421,603017.SH,-0.01011067711415294,4,1.0,-0.03521017274472176
20260421,003018.SZ,-0.01217919544054835,5,1.0,0.06465322580645155
20260421,600103.SH,-0.018126019203981027,6,1.0,-0.06450000000000006
20260421,002081.SZ,-0.021019124457004556,7,0.0,0.0
20260422,002201.SZ,0.0053852165770404,1,1.0,-0.08710325406758462
20260422,600396.SH,0.0037928354036174117,2,1.0,0.11390688912809493
20260422,605365.SH,-0.0014863678471688348,3,0.0,0.0
20260422,603115.SH,-0.0021846936000487456,4,1.0,0.05761517566099234
20260422,600736.SH,-0.006256379088100025,5,0.0,0.0
20260423,600396.SH,0.0066260196374777255,1,1.0,0.03902331606217619
20260423,603618.SH,0.005411372326091506,2,1.0,-0.08188471257106761
20260423,600052.SH,-0.007171786362431728,3,1.0,-0.11470408163265305
20260423,601512.SH,-0.007323515399599918,4,1.0,-0.0776481481481483
20260423,603318.SH,-0.007430334568904497,5,0.0,0.0
20260423,001234.SZ,-0.011133394486547614,6,1.0,-0.10071353196772187
20260423,600736.SH,-0.0122905809717247,7,1.0,-0.1642826086956521
20260424,600726.SH,0.010653008316849474,1,1.0,0.12670567375886538
20260424,603318.SH,-0.004631367569602003,2,1.0,0.12131699346405228
20260424,002787.SZ,-0.00843728334620395,3,1.0,-0.1467689844464775
20260424,603390.SH,-0.010044331389391325,4,1.0,-0.015799435028248595
20260424,000925.SZ,-0.013667169356452406,5,0.0,0.0
20260424,600770.SH,-0.014812203000497456,6,1.0,0.022060424966799445
20260424,001234.SZ,-0.01768161165880841,7,1.0,-0.1798052917232022
20260424,603060.SH,-0.019606807750450556,8,1.0,-0.04511624649859929
20260427,600726.SH,0.018907495257789994,1,1.0,0.16769589257503953
20260427,600152.SH,0.00413772771329322,2,1.0,-0.02168213058419249
20260427,001211.SZ,-0.0027519262128180098,3,0.0,0.0
20260427,600338.SH,-0.0045171197421234365,4,1.0,0.09180818619582659
20260427,000062.SZ,-0.007667777188327143,5,1.0,-0.07979300069179712
20260427,003036.SZ,-0.008170163205465557,6,1.0,-0.10234366576819415
20260427,000925.SZ,-0.014754383352546141,7,1.0,-0.012282101167315259
20260428,605287.SH,0.004568998873050708,1,1.0,0.04389638947570602
20260428,605289.SH,-0.0008126985898789935,2,1.0,-0.06336075949367087
20260428,600152.SH,-0.003423732624411884,3,1.0,-0.03015789473684199
20260428,603931.SH,-0.00935793165419822,4,1.0,0.012914248021108358
20260428,000593.SZ,-0.012854800886362852,5,1.0,-0.049304943993820065
20260428,002902.SZ,-0.01305841613186914,6,1.0,-0.03624603174603174
20260428,603095.SH,-0.013629099527716161,7,1.0,0.19549999999999995
20260428,002210.SZ,-0.0138735167092469,8,1.0,-0.06832978723404254
20260429,603095.SH,-0.004133082286207367,1,0.0,0.0
20260429,600379.SH,-0.005582352660088771,2,1.0,0.09913636363636374
20260429,603317.SH,-0.006854472385274327,3,1.0,-0.0045
20260429,002652.SZ,-0.0070268924888684265,4,1.0,-0.05130187207488295
20260429,603399.SH,-0.007439018069235715,5,0.0,0.0
20260429,603629.SH,-0.009588003157766953,6,1.0,0.07728752107925824
20260429,600156.SH,-0.011891317767267411,7,1.0,-0.08148815566835871
20260429,002081.SZ,-0.015942301505076854,8,1.0,0.25081914893617036
20260429,001266.SZ,-0.016229388905980933,9,1.0,-0.018819809069212375
20260429,002210.SZ,-0.024125592469617697,10,1.0,-0.0759285714285714
20260430,000567.SZ,-0.0010489906066983414,1,1.0,0.0076028744326776575
20260430,002081.SZ,-0.0031714044172929754,2,1.0,0.1308503184713376
20260430,600379.SH,-0.006230158403236155,3,1.0,-0.006691780821917732
20260430,603399.SH,-0.008283864697665738,4,0.0,0.0
20260430,002645.SZ,-0.010553793583241383,5,1.0,-0.0025769230769230834
20260430,605099.SH,-0.010923737968325622,6,1.0,0.020489673688558422
20260430,603937.SH,-0.013194420486311396,7,1.0,0.15846766011414076
20260430,002805.SZ,-0.014543908932547357,8,1.0,0.07690531276778073
20260430,000402.SZ,-0.015231784067478639,9,1.0,0.052282334384857916
20260430,605299.SH,-0.034593166881042185,10,1.0,-0.033357252789534546
20260506,002181.SZ,0.0060451366437748715,1,1.0,-0.016587912087912157
20260506,000402.SZ,-0.0026663213711879243,2,1.0,-0.021992711370262315
20260506,002805.SZ,-0.005584453853014509,3,1.0,0.004645129224652049
20260506,000066.SZ,-0.011305917649112906,4,1.0,0.01653907256333204
20260506,002989.SZ,-0.013401434286835927,5,1.0,0.03396153846153855
20260506,002640.SZ,-0.014136213370492288,6,1.0,0.015400497512437942
20260506,000553.SZ,-0.014717637402741788,7,1.0,-0.05376764314247678
20260506,002158.SZ,-0.014719474055043216,8,1.0,0.022553455019556915
20260506,603937.SH,-0.01690865653237509,9,1.0,-0.00508105752469495
20260506,001316.SZ,-0.023633355496859416,10,1.0,0.013681818181818076
20260507,600396.SH,0.001833349194655054,1,1.0,0.0900072697899838
20260507,000889.SZ,-0.0004085766724241692,2,1.0,-0.06280388692579503
20260507,600719.SH,-0.0069854854002201466,3,1.0,0.0038420229405630767
20260507,603158.SH,-0.007235548070032597,4,1.0,-0.025425808497146648
20260507,600673.SH,-0.013866733180745591,5,1.0,-0.10793217371001623
20260507,603045.SH,-0.014502357724780628,6,0.0,0.0
20260507,000066.SZ,-0.01605166975280603,7,1.0,0.00475147182506314
20260507,600130.SH,-0.016188354036248482,8,1.0,0.028944816053511683
20260507,601991.SH,-0.017945357299947406,9,0.0,0.0
20260507,603278.SH,-0.018126609690793674,10,1.0,0.12192857142857133
20260508,603618.SH,-0.001493502353596154,1,1.0,0.03300000000000009
20260508,002491.SZ,-0.004267612697307915,2,0.0,0.0
20260508,002552.SZ,-0.008718603347643425,3,1.0,0.018249752720079285
20260508,603636.SH,-0.01035643317453769,4,1.0,-0.0703333333333333
20260508,002930.SZ,-0.010709967357564227,5,1.0,0.01954158544509416
20260508,002655.SZ,-0.010769150635280764,6,1.0,-0.1218170731707317
20260508,600936.SH,-0.014598953614281658,7,1.0,-0.03446254681647947
20260508,603278.SH,-0.015264710010405424,8,1.0,-0.07100396583282492
20260508,605006.SH,-0.016080671381662557,9,1.0,-0.01572194513715702
20260508,600130.SH,-0.01912941099106209,10,1.0,-0.0850970149253732
20260511,600234.SH,-0.002778026095181821,1,0.0,0.0
20260511,603459.SH,-0.0032560456705932944,2,0.0,0.0
20260511,002552.SZ,-0.008385631858978813,3,1.0,0.11346331435800122
20260511,002918.SZ,-0.00909309489031378,4,0.0,0.0
20260511,002491.SZ,-0.009563669755184568,5,1.0,0.07182653061224492
20260511,605006.SH,-0.012300501664815389,6,1.0,-0.0947857142857143
20260511,600748.SH,-0.013186168211486347,7,1.0,-0.06398553054662387
20260511,600545.SH,-0.019718461287061558,8,1.0,0.026698686371100237
20260511,600530.SH,-0.020439330630382987,9,0.0,0.0
20260511,600076.SH,-0.02126037348648025,10,0.0,0.0
20260512,600396.SH,0.0027433676126131963,1,1.0,0.15164617940199338
20260512,600683.SH,0.0012943377518853504,2,1.0,-0.14151923076923084
20260512,600488.SH,0.0009372384161606961,3,1.0,0.033440379403794025
20260512,001211.SZ,0.0002362406148062341,4,1.0,-0.1051446991404012
20260512,600530.SH,-0.003346561167558596,5,1.0,0.03406041131105426
20260512,000672.SZ,-0.005964588805211226,6,1.0,-0.045906693136698866
20260512,002918.SZ,-0.011855145090291556,7,1.0,0.2684824561403509
20260512,001259.SZ,-0.01585419964035092,8,0.0,0.0
20260512,600076.SH,-0.016252050483171184,9,1.0,0.009388888888888839
20260512,603269.SH,-0.018660001848275654,10,1.0,0.029213435795736268
20260513,600396.SH,0.008492131199433197,1,1.0,-0.06682294617563717
20260513,000925.SZ,-0.001708415118544031,2,1.0,-0.15652108963093142
20260513,603007.SH,-0.004535934730467105,3,0.0,0.0
20260513,603203.SH,-0.006926705538380464,4,1.0,-0.031484126984126996
20260513,002208.SZ,-0.008595104904652543,5,1.0,0.037057075223566556
20260513,000601.SZ,-0.009961506006904885,6,0.0,0.0
20260513,000767.SZ,-0.010086817984303246,7,1.0,-0.20200889679715311
20260513,603052.SH,-0.011261769659589175,8,0.0,0.0
20260513,603070.SH,-0.016918810222367322,9,0.0,0.0
20260513,001259.SZ,-0.01931667109474025,10,0.0,0.0
20260514,603093.SH,0.0019109553586577899,1,1.0,-0.038297216699801066
20260514,603007.SH,-0.0033243310260178977,2,1.0,-0.07043406593406593
20260514,603052.SH,-0.004278743725863792,3,1.0,-0.035486160675428695
20260514,001210.SZ,-0.005216503263602729,4,1.0,0.06299999999999989
20260514,600156.SH,-0.007366846144527598,5,1.0,-0.12950000000000012
20260514,002208.SZ,-0.010449636173822777,6,1.0,0.2764790922998472
20260514,600578.SH,-0.012465391763088685,7,1.0,0.1816538461538461
20260514,600857.SH,-0.012483226563153954,8,1.0,-0.09131672025723475
20260514,603779.SH,-0.013707646956939915,9,0.0,0.0
20260514,600903.SH,-0.015011840079115409,10,1.0,0.1160128205128203
20260515,600578.SH,0.010395418910793508,1,1.0,0.10476694329183939
20260515,003018.SZ,-0.005533882252093551,2,1.0,0.16826251474801962
20260515,002971.SZ,-0.006668259060039112,3,1.0,-0.05206097560975614
20260515,603082.SH,-0.010768653380682206,4,0.0,0.0
20260515,603779.SH,-0.01883266206682364,5,0.0,0.0
20260518,003018.SZ,-0.0028281625598180725,1,1.0,-0.021746376811594356
20260518,603082.SH,-0.005647156601173766,2,0.0,0.0
20260518,002421.SZ,-0.012363255322427567,3,0.0,0.0
20260518,002374.SZ,-0.016116170147104737,4,1.0,0.019824324324324297
20260518,601133.SH,-0.018172259135391448,5,1.0,-0.01353225806451613
20260518,601678.SH,-0.019513690120720677,6,1.0,0.011149452269170582
20260519,603316.SH,-0.006245540858507103,1,1.0,0.044887755102040745
20260519,000417.SZ,-0.0065500496161955135,2,1.0,0.10449470899470897
20260519,600903.SH,-0.0076803833293711205,3,1.0,-0.08613265306122447
20260519,603989.SH,-0.009720461879662528,4,1.0,0.07991033925686603
20260519,603311.SH,-0.010134406943270266,5,1.0,0.11905356476297152
20260519,600850.SH,-0.010727107660875599,6,1.0,-0.02493478260869558
20260519,600758.SH,-0.013102968673865328,7,1.0,-0.08542485549132967
20260519,605218.SH,-0.01620823972343676,8,1.0,0.011462441314554043
20260519,603206.SH,-0.017082500609468202,9,1.0,-0.07881192660550457
20260519,002421.SZ,-0.02058549440542634,10,0.0,0.0
20260520,002782.SZ,-0.005582990333238211,1,1.0,-0.008123188405797118
20260520,603316.SH,-0.006044177058695486,2,1.0,-0.001350393700787318
20260520,603938.SH,-0.007049711316946712,3,1.0,-0.11721574498062687
20260520,002272.SZ,-0.012602972232537452,4,1.0,-0.0822687296416938
20260520,000417.SZ,-0.013313327810036097,5,0.0,0.0
20260520,605288.SH,-0.01447602539202308,6,0.0,0.0
20260520,600563.SH,-0.015617822116127379,7,1.0,-0.001523809523809534
20260521,002442.SZ,0.00446271812905895,1,1.0,0.06225567423230966
20260521,600611.SH,-0.005773001804847159,2,0.0,0.0
20260522,000725.SZ,0.0052662531570828695,1,1.0,0.034184719535783344
20260522,002931.SZ,-0.001483012191472263,2,1.0,-0.02043922240429002
20260522,002036.SZ,-0.0028755701465802254,3,1.0,0.03138748787584884
20260522,001225.SZ,-0.009104571355923626,4,1.0,0.0004999999999998938
20260522,603661.SH,-0.01012897034545716,5,0.0,0.0
20260522,000012.SZ,-0.011120619692360771,6,1.0,0.022710884353741526
20260522,600611.SH,-0.011296458048446145,7,1.0,-0.11072154779969651
20260522,600303.SH,-0.012476465090467473,8,1.0,-0.08449999999999996
20260522,000518.SZ,-0.014738980439774906,9,1.0,0.06009948320413434
20260522,002442.SZ,-0.01657986134831601,10,1.0,-0.11858614668218864
20260525,603001.SH,0.009210916356069387,1,1.0,-0.06603846153846166
20260525,002421.SZ,0.005160366727431599,2,1.0,-0.045233197556008235
20260525,000518.SZ,0.00470941843506369,3,1.0,-0.1597511415525113
20260525,600234.SH,-0.0019652669568975363,4,0.0,0.0
20260525,000636.SZ,-0.0037612159872209413,5,1.0,0.04630721747388406
20260525,600503.SH,-0.004307902866750725,6,1.0,-0.056583333333333256
20260525,002585.SZ,-0.005071797984351685,7,1.0,0.03720804369414083
20260525,002741.SZ,-0.008385170442292313,8,1.0,0.04228571428571443
20260525,600539.SH,-0.009288330342679327,9,1.0,0.074346153846154
20260525,603661.SH,-0.011842894384037721,10,0.0,0.0
20260526,003036.SZ,0.00595832501108798,1,1.0,0.10661111111111116
20260526,000510.SZ,0.0013101976859617448,2,1.0,-0.06313367401828923
20260526,002585.SZ,-0.0022949588186865254,3,1.0,0.055902684563758416
20260526,600172.SH,-0.0023695559373437007,4,1.0,0.1879812030075187
20260526,002552.SZ,-0.004663564940070437,5,1.0,0.09925
20260526,600726.SH,-0.010022718916540434,6,1.0,0.16343893129770976
20260526,002388.SZ,-0.015448233386156134,7,1.0,-0.07957507507507505
20260526,000509.SZ,-0.017701622139498357,8,1.0,0.15583755274261607
20260526,600520.SH,-0.024155120785737068,9,1.0,-0.14078407101775453
20260526,600162.SH,-0.03000240824449954,10,1.0,0.13451345291479816
20260527,000509.SZ,-0.004053575240123258,1,1.0,-0.04296153846153843
20260527,002579.SZ,-0.008564128175058215,2,1.0,0.040603857566765274
20260527,600726.SH,-0.008782927847888769,3,0.0,0.0
20260527,001257.SZ,-0.009387652435407188,4,1.0,-0.09950351864883894
20260527,002251.SZ,-0.012518172390501382,5,1.0,0.07717770419426045
20260527,000759.SZ,-0.014404673736900471,6,1.0,0.007166666666666714
20260527,002771.SZ,-0.015236938919220764,7,1.0,-0.008056609365737984
20260527,600162.SH,-0.017760753812921654,8,1.0,0.14124898785425105
20260528,000539.SZ,0.0050169685190642604,1,1.0,0.06619555302166508
20260528,603989.SH,0.0032365667595436985,2,1.0,-0.09614420485175207
20260528,002579.SZ,-0.001635019016510462,3,1.0,-0.026779792746113914
20260528,603032.SH,-0.010697846685198647,4,1.0,-0.05665171407731589
20260528,603011.SH,-0.014767661638652407,5,1.0,0.14718067226890746
20260529,000539.SZ,-0.0013169863679493446,1,0.0,0.0
20260529,600110.SH,-0.0023220054532442046,2,1.0,-0.10204163362410784
20260529,000090.SZ,-0.007412033259806761,3,1.0,-0.03314583333333337
20260529,603324.SH,-0.009235669211924067,4,1.0,0.017318181818181736
20260529,002806.SZ,-0.010625278698063824,5,1.0,-0.05792323651452296
20260529,002995.SZ,-0.01345606668549177,6,1.0,0.11683158125273779
20260529,603011.SH,-0.01416902872425974,7,1.0,0.01809446825087652
20260601,000767.SZ,0.015501298166491788,1,1.0,-0.06466260162601628
20260601,000037.SZ,0.004627996509931193,2,1.0,-0.08592292490118586
20260601,002081.SZ,-0.0012721642069482503,3,1.0,-0.04878571428571415
20260601,600011.SH,-0.003914446838091671,4,1.0,-0.06626783812566556
20260601,603890.SH,-0.005706053210987669,5,0.0,0.0
20260601,002608.SZ,-0.008221990454337769,6,1.0,-0.013419722497522376
20260601,002995.SZ,-0.010216795468873968,7,1.0,-0.074860918702151
20260601,600280.SH,-0.012593684872420031,8,1.0,0.130002923976608
20260602,002951.SZ,0.0024013922572537587,1,1.0,0.06388768115942062
20260602,002421.SZ,0.0006666110184657906,2,1.0,-0.04138524590163933
20260602,001210.SZ,-0.005271144007383832,3,1.0,-0.027928571428571577
20260602,603330.SH,-0.008074439274607416,4,0.0,0.0
20260602,600121.SH,-0.00894292593284164,5,1.0,0.10138235294117653
20260602,000055.SZ,-0.009458000121883666,6,1.0,-0.16477088036117365
20260602,600403.SH,-0.010512298890761801,7,0.0,0.0
20260602,603890.SH,-0.012129832025094234,8,1.0,-0.06432905982905984
20260602,600280.SH,-0.013741195044773741,9,1.0,-0.036500000000000025
20260602,002404.SZ,-0.014990133314726421,10,1.0,0.045569541029207135
20260603,000700.SZ,0.004488686567105309,1,1.0,0.00016472303207021744
20260603,600121.SH,0.0034278392426288287,2,1.0,-0.06952636203866441
20260603,600936.SH,0.0005135312558580719,3,1.0,-0.07043406593406593
20260603,603311.SH,-0.0016376143614009473,4,1.0,0.05041868834977365
20260603,600403.SH,-0.009402748122378993,5,0.0,0.0
20260603,600367.SH,-0.010042747037998501,6,1.0,0.11066357206012384
20260603,603330.SH,-0.010871344777694376,7,1.0,0.18731286549707588
20260603,600487.SH,-0.014840995177699203,8,1.0,0.07614516129032273
20260603,600255.SH,-0.018037721530562566,9,1.0,-0.010965517241379338
20260603,002137.SZ,-0.019277946654555685,10,1.0,0.03957443682664059
20260604,002787.SZ,0.009951914793280807,1,1.0,-0.1067192333557499
20260604,001896.SZ,0.004600057885346606,2,1.0,-0.10706410256410265
20260604,600255.SH,-0.003417087593927181,3,1.0,-0.011166666666666599
20260604,605162.SH,-0.005408606416251002,4,1.0,-0.1473571428571429
20260604,600439.SH,-0.008019612703289065,5,1.0,-0.06457067137809197
20260604,603135.SH,-0.010989642697786193,6,1.0,0.10251107011070121
20260604,600688.SH,-0.012717259777743371,7,1.0,-0.10232608695652184
20260605,003036.SZ,0.005556748805786268,1,1.0,-0.014855029585798814
20260605,600293.SH,-0.002875089489012218,2,1.0,-0.0045
20260605,000520.SZ,-0.010001754976464891,3,1.0,-0.08991666666666681
20260605,603135.SH,-0.010302885957708638,4,1.0,0.11804901960784314
20260605,603500.SH,-0.013704667587180336,5,1.0,-0.04219230769230769
20260608,002421.SZ,0.0014767806164514546,1,1.0,-0.08630300500834726
20260608,000759.SZ,-0.00024620011538632747,2,1.0,-0.05951618122977347
20260608,002254.SZ,-0.00035668007096860757,3,1.0,-0.021259776536312554
20260608,000068.SZ,-0.0009272383952745183,4,1.0,-0.11226942355889719
20260608,003009.SZ,-0.00118121320645797,5,1.0,-0.07079032258064516
20260608,002613.SZ,-0.0017725073606879261,6,1.0,-0.15040747330960863
20260608,603500.SH,-0.010879589366340868,7,1.0,-0.041394696387394396
20260608,002354.SZ,-0.011230082892668986,8,1.0,0.14001612903225807
20260608,000517.SZ,-0.0191612544025642,9,1.0,-0.22136746987951822
20260608,603823.SH,-0.02235882925125947,10,1.0,0.18420819269714633
20260609,002254.SZ,0.0014742005083537204,1,1.0,0.012157710908114076
20260609,002354.SZ,-0.003352961105611948,2,1.0,-0.07937922705313999
20260609,603186.SH,-0.005440361648643335,3,1.0,0.07569672131147537
20260609,002747.SZ,-0.006940716409174961,4,1.0,-0.1497344931921331
20260609,001696.SZ,-0.008559920728108041,5,1.0,0.1381985008328705
20260609,002362.SZ,-0.0096530830849002,6,1.0,-0.0342435897435897
20260609,002636.SZ,-0.009766401242699372,7,1.0,0.08326315789473687
20260609,603929.SH,-0.012322805074603142,8,1.0,0.10535365853658546
20260610,002585.SZ,0.005158199107550167,1,1.0,-0.1230410334346504
20260610,002971.SZ,0.0033185995319546906,2,0.0,0.0
20260610,003026.SZ,0.0020008916347976965,3,1.0,-0.05686028214867061
20260610,605006.SH,0.0005146391876603602,4,1.0,0.001083992554676787
20260610,600500.SH,-0.001624007122813781,5,0.0,0.0
20260610,603065.SH,-0.0022809222306566417,6,0.0,0.0
20260610,000048.SZ,-0.0036722554484232804,7,1.0,0.05776912928759876
20260610,605589.SH,-0.0069935193882390105,8,1.0,-0.060896824972606005
20260610,002669.SZ,-0.007103642034211151,9,1.0,-0.1229062850729517
20260610,000029.SZ,-0.007417082155613265,10,0.0,0.0
20260611,002971.SZ,0.0056566905018466535,1,1.0,-0.05468181818181821
20260611,600378.SH,-0.0007364807161834418,2,1.0,-0.12320845204178538
20260611,002409.SZ,-0.001950528507731186,3,1.0,-0.04828258695807446
20260611,000048.SZ,-0.00448252849133236,4,1.0,-0.06690330067044864
20260611,600500.SH,-0.005352876546935694,5,1.0,0.0182848101265824
20260611,002119.SZ,-0.006883314625458915,6,1.0,-0.06193440233236152
20260611,600665.SH,-0.0077320098183599525,7,1.0,0.003251937984496138
20260611,002165.SZ,-0.00815111284171586,8,1.0,0.030446236559139975
20260611,603155.SH,-0.01114957090817527,9,1.0,-0.08433193277310941
20260611,600178.SH,-0.01692979386786256,10,0.0,0.0
20260612,000032.SZ,0.014932046079167373,1,1.0,0.18768749999999995
20260612,000510.SZ,0.0020649307327368655,2,1.0,0.061697183098591464
20260612,603014.SH,-0.0010726804360867504,3,0.0,0.0
20260612,601958.SH,-0.0012430298516480252,4,1.0,0.06228899082568801
20260612,001257.SZ,-0.0015867889053610782,5,1.0,0.09048327759197322
20260612,600067.SH,-0.0036902967856964966,6,1.0,0.044775362318840446
20260612,002203.SZ,-0.0057178363783096185,7,1.0,0.06767391304347842
20260615,000032.SZ,0.005336028073678528,1,1.0,0.02530903586399619
20260615,001257.SZ,0.004410495319015472,2,1.0,0.04958886027044435
20260615,601958.SH,0.002768087296601201,3,1.0,-0.018734875444839923
20260615,603738.SH,-0.0018612447704127047,4,1.0,0.027429824561403474
20260615,000510.SZ,-0.0029789878324360374,5,1.0,-0.01813636363636367
20260615,605198.SH,-0.00429057428630234,6,0.0,0.0
20260615,001359.SZ,-0.011579914939621945,7,1.0,0.045590031101653224
20260615,603335.SH,-0.013425768889519966,8,0.0,0.0
20260615,601696.SH,-0.014705908528426159,9,1.0,0.051938791732909446
20260615,000506.SZ,-0.015802406172880274,10,1.0,0.018001654533421566
20260616,002806.SZ,0.02200231814569941,1,1.0,-0.01290728631480614
20260616,002824.SZ,0.008078236212493746,2,1.0,0.02549711566195562
20260616,600353.SH,0.006982357901626905,3,0.0,0.0
20260616,603002.SH,0.006261845672309181,4,1.0,0.07224418604651145
20260616,600110.SH,0.0034055079819647806,5,0.0,0.0
20260616,002741.SZ,0.001589662061146014,6,1.0,-0.00786091003102379
20260616,002585.SZ,-0.00019846924543117338,7,1.0,0.08104572271386451
20260616,000777.SZ,-0.004019946932292974,8,0.0,0.0
20260616,002515.SZ,-0.006804928571531811,9,1.0,0.028870411568409252
20260616,002552.SZ,-0.011929404568946025,10,1.0,0.002964788732394423
20260617,002989.SZ,-0.002832362671556043,1,1.0,0.015387955182072536
20260617,603989.SH,-0.003616531039120887,2,1.0,0.13504068896655025
20260617,600110.SH,-0.0036419387427118217,3,1.0,-0.01650000000000001
20260617,600615.SH,-0.005549997593359198,4,0.0,0.0
20260617,002741.SZ,-0.005847602499482043,5,1.0,-0.0017354863030912228
20260617,600353.SH,-0.008582386089536454,6,1.0,0.11453614457831324
20260617,601636.SH,-0.008980918377920486,7,1.0,-0.021962165308498312
20260617,000679.SZ,-0.009986943709941576,8,0.0,0.0
20260617,600192.SH,-0.017941188167825202,9,1.0,-0.07418215158924196
20260617,002141.SZ,-0.01924982717326784,10,1.0,0.015065217391304345
20260618,603324.SH,0.006643275785482719,1,1.0,-0.06660191082802563
20260618,600397.SH,0.003401964407833878,2,1.0,0.08740172884440395
20260618,002579.SZ,0.0014623737525383367,3,1.0,-0.10723972602739723
20260618,002989.SZ,-0.0004739245647385412,4,1.0,-0.007445113788487385
20260618,603989.SH,-0.005745269203538784,5,1.0,0.02468894830659524
20260618,000811.SZ,-0.009880679268134534,6,1.0,-0.01974249422632773
20260618,002141.SZ,-0.010455576880412319,7,0.0,0.0
20260618,001339.SZ,-0.010898466343490388,8,1.0,-0.035631123359987575
20260618,002491.SZ,-0.011233670712821456,9,1.0,-0.017918903150525075
20260618,603261.SH,-0.013012346256190013,10,1.0,-0.006981902792140777
20260622,600162.SH,0.010424761012652281,1,1.0,-0.05041836734693866
20260622,002068.SZ,0.010314448864686862,2,1.0,-0.02450000000000002
20260622,001296.SZ,0.006971949299648707,3,0.0,0.0
20260622,600769.SH,0.006963557070125272,4,1.0,-0.036728360957642696
20260622,603082.SH,0.004989645630656823,5,0.0,0.0
20260622,002674.SZ,0.004395867652811154,6,0.0,0.0
20260622,603407.SH,0.002588733449940211,7,0.0,0.0
20260622,600851.SH,0.0020787219836477,8,1.0,0.1314116022099447
20260622,002167.SZ,0.0009203134721286546,9,0.0,0.0
20260622,002297.SZ,-0.0018738749886113163,10,1.0,-0.08297800237812131
20260623,605069.SH,0.0014813322182604307,1,0.0,0.0
20260623,603757.SH,0.0006655655593504738,2,1.0,0.08482178932178924
20260623,002674.SZ,-0.0032301774026298946,3,0.0,0.0
20260623,603938.SH,-0.004493347240971395,4,1.0,0.06649697885196398
20260623,600322.SH,-0.0048060424922065775,5,1.0,-0.07001724137931037
20260623,600400.SH,-0.005770802903261348,6,1.0,0.00788390092879249
20260623,605580.SH,-0.006418332995197996,7,1.0,0.008574204946996514
20260623,002167.SZ,-0.008708801426458374,8,1.0,0.10519387755102033
20260623,600851.SH,-0.01501049764079827,9,1.0,-0.09170379146919444
20260623,002672.SZ,-0.0207736433636891,10,0.0,0.0
20260624,605069.SH,0.006482589098025534,1,1.0,0.019309523809523724
20260624,002631.SZ,0.0059028229310267005,2,1.0,0.03467525773195885
20260624,603938.SH,0.0012391484966678985,3,1.0,-0.006385775862069061
20260624,600379.SH,-0.00182147056223816,4,1.0,-0.031166666666666617
20260624,002687.SZ,-0.00935991607120496,5,1.0,-0.12011866125760634
20260624,002584.SZ,-0.010099070984434534,6,1.0,-0.16960638297872338
20260624,002580.SZ,-0.01139521149654951,7,1.0,-0.11723566756444787
20260624,605366.SH,-0.012521684009866042,8,0.0,0.0
20260624,000566.SZ,-0.0172612739584612,9,1.0,-0.11324200426439252
20260625,002254.SZ,0.009896988233827566,1,1.0,-0.12475316455696189
20260625,603989.SH,0.00657374560102514,2,1.0,0.011844725111441027
20260625,002990.SZ,0.0032963316160611756,3,1.0,0.02012986024629865
20260625,603678.SH,0.00209990474692388,4,1.0,0.04174664879356577
20260625,600667.SH,0.0013413196028668698,5,1.0,0.04418771395968064
20260625,000823.SZ,-0.003029456384437799,6,0.0,0.0
20260625,603929.SH,-0.0032584086966692414,7,1.0,0.06530468750000001
20260625,000818.SZ,-0.008769420204840346,8,1.0,-0.14276366559485537
20260625,605366.SH,-0.015024130578148512,9,1.0,0.021990066225165476
20260625,002303.SZ,-0.09034408542335166,10,1.0,-0.047357142857142924
20260626,002141.SZ,0.012016854687045253,1,1.0,-0.04463961605584648
20260626,002965.SZ,0.0016693200279040282,2,1.0,-0.007500000000000002
20260626,600228.SH,-0.0020759037283436437,3,0.0,0.0
20260626,000823.SZ,-0.004167654185037509,4,1.0,-0.13355476107429382
20260626,603956.SH,-0.012064740512275636,5,1.0,0.05096492659053826
20260626,600962.SH,-0.012083876986464511,6,1.0,-0.036959016393442505
20260629,603155.SH,0.0023956582103689117,1,1.0,0.15076315789473677
20260629,002180.SZ,0.0010078639793908023,2,1.0,0.020237167594310216
20260629,603650.SH,-0.0020378708640570106,3,1.0,0.027737472071497075
20260629,601133.SH,-0.0035233639840393117,4,1.0,-0.021594017094017145
20260629,603163.SH,-0.0042747147501693405,5,1.0,-0.048225490196078406
20260629,603956.SH,-0.007360968449916051,6,1.0,-0.018584507042253503
20260629,002568.SZ,-0.010388817686673718,7,1.0,-0.01729069767441865
20260629,603928.SH,-0.017824340029587757,8,1.0,0.07716089965397938
20260630,002208.SZ,0.006554375232341784,1,1.0,-0.059868319691863174
20260630,603983.SH,0.001979933456878689,2,0.0,0.0
20260630,000017.SZ,-0.0028466076949548776,3,0.0,0.0
20260630,002638.SZ,-0.0036021109801644474,4,1.0,-0.05879864253393657
20260630,603033.SH,-0.004589193034774834,5,0.0,0.0
20260630,600113.SH,-0.005108000663965381,6,1.0,0.04270427086260193
20260630,001229.SZ,-0.006773287224397738,7,1.0,0.06570925110132148
20260630,002628.SZ,-0.009995436029618878,8,0.0,0.0
20260630,603222.SH,-0.013280472791829014,9,1.0,-0.06783333333333336
20260630,603928.SH,-0.022563497449657827,10,1.0,-0.07526923076923081
20260701,002167.SZ,0.012793809153177666,1,1.0,0.07376456826882166
20260701,603212.SH,0.00602370038454182,2,0.0,0.0
20260701,001331.SZ,0.002457204008416418,3,1.0,0.04704639175257736
20260701,000620.SZ,-0.006283073354083649,4,1.0,-0.0388915343915343
20260701,000566.SZ,-0.006342204782203202,5,1.0,-0.019525041736226986
20260701,002273.SZ,-0.006644089130655534,6,1.0,-0.030250000000000162
20260701,002053.SZ,-0.008819480568986833,7,0.0,0.0
20260701,600113.SH,-0.009360153444742983,8,1.0,-0.02833561643835619
20260701,600076.SH,-0.011115054261368404,9,1.0,-0.08245698924731187
20260701,002407.SZ,-0.01643360898529885,10,1.0,-0.12037216568469916
20260702,002826.SZ,0.0020290939027391482,1,1.0,-0.06463137948458803
20260702,002458.SZ,-0.002784143355983356,2,1.0,-0.07637499999999992
20260702,000536.SZ,-0.0029006551157460744,3,1.0,-0.06760679611650483
20260702,000520.SZ,-0.0030249166013493556,4,1.0,0.03082008830022071
20260702,605189.SH,-0.004301662985965304,5,1.0,0.0674671007539413
20260702,000601.SZ,-0.004832134000617132,6,1.0,0.0114651669085632
20260702,603137.SH,-0.006842539158576997,7,0.0,0.0
20260702,600793.SH,-0.007096877458128922,8,0.0,0.0
20260702,002559.SZ,-0.01006482845350525,9,1.0,-0.053795774647887255
20260702,001313.SZ,-0.011201741537601093,10,0.0,0.0
20260703,603717.SH,0.006827231554579391,1,0.0,0.0
20260703,000908.SZ,-0.0026652448541089413,2,1.0,0.009074660633484114
20260703,603580.SH,-0.004419762878472897,3,1.0,0.5262820299500832
20260703,000506.SZ,-0.006877491690746975,4,1.0,-0.08227777777777784
20260703,605189.SH,-0.007355232415215752,5,1.0,-0.10413985594237701
20260703,600988.SH,-0.00784531568073466,6,1.0,-0.012184918347742765
20260703,600793.SH,-0.010812747614563802,7,1.0,0.035272727272727296
20260703,002979.SZ,-0.01086315125085212,8,1.0,-0.05996666666666666
20260703,000576.SZ,-0.01574778169007071,9,0.0,0.0
20260703,603137.SH,-0.016716917440345237,10,0.0,0.0
20260706,002141.SZ,0.009928024988918044,1,1.0,0.00264285714285734
20260706,603211.SH,-0.0013211289138350723,2,1.0,-0.11180710270822686
20260706,002767.SZ,-0.002966924307374999,3,1.0,-0.173967787114846
20260706,002396.SZ,-0.003126188328553917,4,1.0,0.015870370370370594
20260706,000656.SZ,-0.006025410807754457,5,1.0,-0.091748322147651
20260707,600246.SH,0.01827018931728657,1,1.0,0.03575423728813582
20260707,603861.SH,0.014431984662805495,2,1.0,-0.14829084967320277
20260707,600288.SH,0.007883472543989507,3,1.0,0.054590909090909086
20260708,002951.SZ,-0.004784450459814325,1,1.0,-0.11831618989653075
20260708,001365.SZ,-0.005572724465306943,2,1.0,0.02513608629331005
20260708,600288.SH,-0.0056566943294017145,3,1.0,0.004851256575102163
20260708,002841.SZ,-0.006676806273402511,4,1.0,0.20055431168255383
20260708,600094.SH,-0.007011023620712972,5,1.0,-0.08589534883720923
20260708,001229.SZ,-0.010410219595208688,6,1.0,-0.005139795265515053
20260709,002841.SZ,0.013000908710345644,1,1.0,-0.02269194356784848
20260709,603928.SH,-0.0012916985969235314,2,1.0,0.012781105990783585
20260709,000977.SZ,-0.0034317452727352527,3,1.0,-0.047978260869565185
20260709,002490.SZ,-0.00839938233940878,4,1.0,0.09673119015047899
20260710,000887.SZ,0.014870350163725168,1,1.0,-0.050805418719211785
20260710,000892.SZ,-0.0006461285852817425,2,1.0,-0.12921655328798193
20260710,002346.SZ,-0.002277833628812509,3,1.0,-0.07862587412587413
20260710,603898.SH,-0.0029411152968773745,4,0.0,0.0
20260710,003020.SZ,-0.003941421378049069,5,1.0,0.0009890219560876922
20260710,002414.SZ,-0.006166471447238333,6,1.0,-0.09787979094076654
20260710,600992.SH,-0.006926344614928002,7,0.0,0.0
20260710,001395.SZ,-0.008774144397857998,8,1.0,0.05487499999999996
20260710,002829.SZ,-0.011896418749394178,9,1.0,-0.167895485770363
20260713,001395.SZ,-0.0015902653824056484,1,0.0,0.0
20260713,000920.SZ,-0.0030333817156004764,2,1.0,-0.02931751824817513
20260713,600664.SH,-0.003841093409976905,3,1.0,0.29550000000000004
20260713,600629.SH,-0.006843057023067631,4,1.0,-0.043281163434902896
20260713,600992.SH,-0.00760866253428677,5,1.0,0.006035557506584637
20260713,600513.SH,-0.007890665144988814,6,1.0,0.11528860833822646
20260713,601608.SH,-0.008605382514102842,7,1.0,-0.032175276752767705
20260713,605090.SH,-0.012279349105053267,8,1.0,0.01184146341463416
20260713,003020.SZ,-0.016430972364627858,9,1.0,-0.013549773755656299
20260714,002379.SZ,0.005014164176630597,1,1.0,0.013732044198895014
20260714,603137.SH,0.004913318304582493,2,1.0,-0.14683576642335777
20260714,603065.SH,0.004086048981739521,3,1.0,-0.3243784722222223
20260714,600664.SH,-0.001293063511104183,4,1.0,0.1390185185185186
20260714,001388.SZ,-0.0025613878031041457,5,1.0,0.02697058823529414
20260715,603137.SH,0.009210051468933394,1,1.0,-0.12462480499219969
20260715,600844.SH,0.0015694273552980306,2,0.0,0.0
20260715,603580.SH,0.0015693098533124984,3,0.0,0.0
20260715,600227.SH,0.0011161539125141683,4,1.0,0.002211409395973256
20260715,002141.SZ,0.0011032858518114676,5,1.0,0.10948963730569966
20260715,002432.SZ,0.0010716660072045518,6,1.0,0.11422600597184712
20260715,605189.SH,-0.0023164618893641593,7,0.0,0.0
20260715,600403.SH,-0.007374696938586491,8,1.0,-0.11462433392539967
20260715,605028.SH,-0.012292815936141404,9,0.0,0.0
20260715,600746.SH,-0.016929361552575458,10,0.0,0.0
20260716,000566.SZ,0.011713544103967037,1,1.0,-0.14534507042253514
20260716,000504.SZ,-0.005711615440165211,2,0.0,0.0
20260716,600162.SH,-0.005837352949022264,3,1.0,-0.01829310344827589
20260716,002365.SZ,-0.008207031329840124,4,1.0,-0.11592857142857144
20260716,000676.SZ,-0.009762833661456414,5,1.0,-0.046605263157894754
20260716,600785.SH,-0.010286919340842061,6,0.0,0.0
20260716,603580.SH,-0.013460096648165772,7,0.0,0.0
20260716,002739.SZ,-0.018146302638280605,8,1.0,-0.15645632393084624
20260717,603567.SH,0.0011935772274497217,1,1.0,0.019309523809523724
20260717,002829.SZ,-0.0034485908375495,2,1.0,-0.008997751124437622
20260717,000676.SZ,-0.0037380922002845964,3,1.0,0.059622137404580174
20260717,002632.SZ,-0.005782541331767732,4,1.0,-0.147207240293809
20260717,001258.SZ,-0.00934221867234076,5,1.0,0.11427828054298644
20260717,600162.SH,-0.01089586136470606,6,1.0,-0.09507971014492761
20260720,000722.SZ,0.01673673668659019,1,1.0,-0.0010823650034177913
20260720,000037.SZ,0.011526244757657669,2,1.0,-0.013683673469387755
20260720,600227.SH,0.0059748958982590895,3,1.0,0.024253993610223682
20260720,600236.SH,0.00334299365677123,4,1.0,-0.05158904109589029
20260720,600644.SH,0.0024440661334877867,5,1.0,-0.013637055837563524
20260720,600744.SH,-0.006473541550156904,6,1.0,0.06978571428571428
20260720,600722.SH,-0.00858711943312029,7,1.0,0.0258347280334727
20260720,001258.SZ,-0.010416303428169491,8,0.0,0.0
20260721,600744.SH,0.008528000707357408,1,1.0,0.2178837209302324
20260721,002036.SZ,0.005531044361180881,2,1.0,0.019564171122994526
20260721,000889.SZ,-0.008335075239367419,3,1.0,-0.05017307692307687
20260721,000815.SZ,-0.013744695211796689,4,0.0,0.0
20260722,000603.SZ,0.00810504017524693,1,1.0,0.050107508532423135
20260722,603118.SH,0.004122755865703404,2,1.0,-0.04670398593200469
20260722,002213.SZ,-0.0006756978008961214,3,1.0,-0.017737924865831863
20260722,603221.SH,-0.0023237487695333438,4,0.0,0.0
20260722,002879.SZ,-0.002403609405077725,5,1.0,0.1757631578947369
20260722,603407.SH,-0.006721632239098732,6,1.0,-0.05753030303030298
20260722,603629.SH,-0.007048526458644148,7,1.0,-0.09617065581618006
20260722,002197.SZ,-0.00791485736433906,8,1.0,0.0083571428571429
20260722,000815.SZ,-0.014773252260722045,9,1.0,0.004607468123861651
20260723,000595.SZ,-0.0021906506685676766,1,0.0,0.0
20260723,600396.SH,-0.00295529189744046,2,1.0,-0.08364572864321612
20260723,002197.SZ,-0.008863426886836464,3,1.0,-0.08131564245810058
20260723,603988.SH,-0.01014955203200918,4,1.0,-0.038175799086758104
20260723,002412.SZ,-0.010343639386244254,5,0.0,0.0
20260723,605162.SH,-0.012894060140608024,6,1.0,-0.04727456647398847
20260723,603619.SH,-0.014591859903772531,7,1.0,-0.20355956112852652
20260723,002879.SZ,-0.014994926436446124,8,0.0,0.0
20260723,002900.SZ,-0.016853921696108727,9,1.0,0.03186363636363638
20260723,603221.SH,-0.019216839687573338,10,0.0,0.0
20260724,003001.SZ,0.010615869548222358,1,1.0,-0.07813184079601992
20260724,600698.SH,0.0052738900337094274,2,1.0,0.0031923076923076653
20260724,000595.SZ,-0.0005176819186318727,3,1.0,0.011983516483516424
20260724,002300.SZ,-0.0025291778100880336,4,1.0,-0.010247126436781547
20260724,002298.SZ,-0.003112152270814206,5,1.0,-0.01572194513715724
20260724,600984.SH,-0.005528929586330264,6,0.0,0.0
20260724,603956.SH,-0.005963042243624237,7,0.0,0.0
20260724,000533.SZ,-0.0065645024760512365,8,1.0,0.06190237859266596
20260724,000011.SZ,-0.010494529825772288,9,1.0,-0.0962759237187128
20260724,002498.SZ,-0.013072213517570139,10,1.0,0.0032639751552793793
20260727,601606.SH,-1.270934053977657e-05,1,1.0,-0.12743333333333334
20260727,002388.SZ,-0.003308318251666366,2,1.0,-0.030293650793650814
20260727,000533.SZ,-0.005305706542743736,3,0.0,0.0
20260727,603690.SH,-0.0057070816214847605,4,0.0,0.0
20260727,600617.SH,-0.00993063930206109,5,0.0,0.0
20260728,605068.SH,0.002968161785090479,1,0.0,0.0
20260728,603716.SH,0.0012269597855126997,2,1.0,-0.035712484993997644
20260728,000566.SZ,-0.0009342309210250673,3,1.0,0.03578021015761829
20260728,002309.SZ,-0.001648476489052757,4,1.0,-0.007567484662576669
20260728,001358.SZ,-0.0021207806574643773,5,1.0,0.05050593589236247
20260728,003032.SZ,-0.002188991666231011,6,0.0,0.0
20260728,002173.SZ,-0.004747529874168828,7,1.0,-0.13866666666666666
20260728,002388.SZ,-0.005072350779202841,8,1.0,-0.08188095238095222
20260728,002969.SZ,-0.00631417413720888,9,1.0,-0.08276086956521739
20260728,000428.SZ,-0.015225182885460792,10,0.0,0.0
20260729,603580.SH,0.006399795405523491,1,1.0,-0.02080434782608703
20260729,001358.SZ,-0.0023794002187058185,2,1.0,-0.03130331099724087
20260729,605068.SH,-0.0027314887924564293,3,0.0,0.0
20260729,603400.SH,-0.005142343744009058,4,1.0,-0.031060424966799446
20260729,002212.SZ,-0.006784747545934698,5,1.0,0.014220748829953226
20260729,002199.SZ,-0.007532972429695936,6,0.0,0.0
20260729,003032.SZ,-0.014311992466040601,7,1.0,0.4993461538461536
20260729,605179.SH,-0.015730018475568052,8,0.0,0.0
20260729,000428.SZ,-0.016275532405955393,9,0.0,0.0
20260729,600693.SH,-0.021019730484684262,10,1.0,-0.0314396551724137
20260730,600228.SH,0.0034207042953491966,1,1.0,-0.03860641200545705
20260730,002882.SZ,-0.008386620665417859,2,1.0,0.08317657087189473
20260730,605388.SH,-0.010679991064412347,3,1.0,-0.0027668977469668633
20260730,601003.SH,-0.01318015489887886,4,0.0,0.0
20260730,002827.SZ,-0.014626830822801966,5,0.0,0.0
20260730,605179.SH,-0.018171855222480653,6,1.0,0.14744954128440363
20260731,600162.SH,0.006012907219596167,1,1.0,-0.02012500000000011
20260731,603171.SH,0.0057213953700034105,2,1.0,0.06905555555555581
20260731,603039.SH,0.004111712369182844,3,1.0,-0.011749999999999868
20260731,000009.SZ,0.003158150507118318,4,1.0,-0.015778195488721888
20260731,002827.SZ,-0.0035283778300800126,5,0.0,0.0
20260803,000820.SZ,0.004598686958113501,1,1.0,0.050763157894736906
20260803,000815.SZ,0.0008638174368319207,2,1.0,0.0560555555555557
20260803,000593.SZ,0.0008406360721505881,3,0.0,0.0
20260803,603682.SH,0.000756107027570372,4,1.0,0.004237864077669855
20260803,603106.SH,-0.0005245210418122447,5,0.0,0.0
20260803,003001.SZ,-0.0027417881383318635,6,1.0,-0.09372938260477687
20260803,000595.SZ,-0.0035683360148926627,7,1.0,0.09779007633587805
20260803,603261.SH,-0.00498247414977758,8,0.0,0.0
20260803,002963.SZ,-0.005380182420114999,9,0.0,0.0
20260803,000967.SZ,-0.008051162989197048,10,1.0,0.023589887640449395
20260804,000820.SZ,-0.0004650986784534381,1,0.0,0.0
20260804,000593.SZ,-0.004169535915973859,2,0.0,0.0
20260804,002963.SZ,-0.006645634810299547,3,0.0,0.0
20260804,000595.SZ,-0.008672037842796257,4,1.0,-0.1268628691983123
20260804,603106.SH,-0.0107663680923576,5,1.0,0.0051359743040683735
20260804,605167.SH,-0.011308692272799323,6,1.0,-0.1285579710144929
20260804,603222.SH,-0.012788259587590407,7,1.0,-0.08894444444444444
20260804,000815.SZ,-0.014279366479533326,8,1.0,-0.03344736842105261
20260804,001229.SZ,-0.014667980323240157,9,0.0,0.0
20260804,601700.SH,-0.017964757377393073,10,0.0,0.0
20260805,002674.SZ,0.004790488497388929,1,1.0,0.02920370370370379
20260805,002425.SZ,0.004636590763543853,2,0.0,0.0
20260805,002957.SZ,0.0012767478426731378,3,1.0,0.013853434714210914
20260805,001267.SZ,0.0008560124511062406,4,1.0,0.11529893884389825
20260805,002348.SZ,8.755250229695692e-05,5,1.0,-0.0019446337308349172
20260805,600721.SH,-0.0011018837149038068,6,1.0,0.10032180293501053
20260805,600892.SH,-0.0017600133680915698,7,0.0,0.0
20260805,002655.SZ,-0.006327366879673306,8,1.0,0.020137681159420443
20260805,003018.SZ,-0.00812800316912563,9,0.0,0.0
20260805,601700.SH,-0.016606894477192144,10,1.0,-0.10168309859154939
20260806,001267.SZ,0.010154366714986691,1,1.0,0.041586320409656215
20260806,600892.SH,0.0073065140804026655,2,1.0,-0.1269018475750578
20260806,002425.SZ,0.003238867365357735,3,1.0,-0.16418586387434547
20260806,603823.SH,0.0014406543533696855,4,1.0,-0.03805995949660051
20260806,603988.SH,-0.0027645900325399923,5,1.0,0.017308268968650512
20260806,600721.SH,-0.0031744607070002245,6,1.0,0.36428048780487815
20260806,600397.SH,-0.005043210164818044,7,1.0,-0.049753863134657954
20260806,603078.SH,-0.014211971516012164,8,1.0,-0.016722222222222357
20260806,002649.SZ,-0.02170611265684731,9,1.0,-0.10218637532133673
20260806,002721.SZ,-0.022207526499193293,10,0.0,0.0
20260807,600601.SH,0.010143469901719144,1,1.0,-0.01524443591711427
20260807,002792.SZ,0.002222591435254226,2,1.0,-0.09645402298850575
20260807,603228.SH,-0.0003120735504000549,3,1.0,-0.11005555555555563
20260807,002827.SZ,-0.002669591445365921,4,1.0,0.016017241379310213
20260807,002971.SZ,-0.009835686645690036,5,1.0,-0.022973180503004616
20260807,600272.SH,-0.010761694391445984,6,0.0,0.0
20260807,002194.SZ,-0.011120132869736813,7,1.0,-0.04241469194312802
20260807,600206.SH,-0.013587061729239657,8,1.0,0.06429999999999997
20260810,002900.SZ,0.011245360475637825,1,1.0,0.011583916083915905
20260810,600641.SH,0.004991501936277466,2,1.0,-0.0323683664393714
20260810,000506.SZ,0.0007161232205428834,3,1.0,-0.10545238095238113
20260810,002827.SZ,-0.002529605855376988,4,1.0,0.02520795568982898
20260810,600664.SH,-0.008288975958579995,5,1.0,0.11405670103092785
20260810,002437.SZ,-0.009023057107240332,6,1.0,0.14430952380952394
20260810,603758.SH,-0.01438123223720934,7,0.0,0.0
20260810,002589.SZ,-0.018208150583146437,8,1.0,-0.02558433734939763
20260810,600272.SH,-0.019774727673390655,9,1.0,0.07670805369127515
20260811,002329.SZ,0.002953772433346947,1,1.0,0.11344871794871819
20260811,605179.SH,-0.0024567293568173885,2,1.0,0.19514028776978404
20260811,603797.SH,-0.0033016819556101595,3,1.0,-0.05470080321285136
20260811,600833.SH,-0.003585191421760933,4,1.0,-0.013666666666666768
20260811,605286.SH,-0.006445900143134006,5,0.0,0.0
20260811,000802.SZ,-0.010292484877219047,6,0.0,0.0
20260811,600683.SH,-0.010983268530987612,7,0.0,0.0
20260811,603188.SH,-0.01318507484347951,8,1.0,0.004083690987124637
20260811,002248.SZ,-0.016929132889161112,9,1.0,0.000623825789923098
20260811,603758.SH,-0.02008886514350587,10,0.0,0.0
20260812,600881.SH,-0.0003010725569678671,1,1.0,0.11643023255813961
20260812,600683.SH,-0.0007554263733825506,2,0.0,0.0
20260812,002329.SZ,-0.0010242107625956448,3,0.0,0.0
20260812,600162.SH,-0.0017808235291983535,4,1.0,-0.1245
20260812,002248.SZ,-0.005267548511339842,5,1.0,-0.06663266162888332
20260812,000802.SZ,-0.007766223264149701,6,0.0,0.0
20260812,605286.SH,-0.00971029783526636,7,0.0,0.0
20260812,603887.SH,-0.014249998742387662,8,0.0,0.0
20260812,002229.SZ,-0.01525088240508023,9,1.0,-0.10847111913357405
20260812,002047.SZ,-0.024005911115963417,10,1.0,-0.16104205607476635
20260813,000593.SZ,0.0016001389966405384,1,1.0,-0.08573354644603232
20260813,600881.SH,0.0012365609172263255,2,1.0,-0.11832113821138207
20260813,603330.SH,-0.0006371075549301067,3,1.0,0.12994553483807664
20260813,002172.SZ,-0.005385040725739665,4,0.0,0.0
20260813,001260.SZ,-0.00785223715379431,5,0.0,0.0
20260813,601886.SH,-0.008212604721809142,6,1.0,0.03886513443191659
20260813,002081.SZ,-0.009784309997784098,7,0.0,0.0
20260813,000692.SZ,-0.01129105260816403,8,1.0,-0.09434374999999989
20260813,000936.SZ,-0.01382396455915725,9,0.0,0.0
20260813,603887.SH,-0.015839970668045596,10,1.0,-0.16002099533437003
20260814,603118.SH,0.008157046906134885,1,1.0,-0.019037902388369828
20260814,002322.SZ,-0.003380413773009695,2,1.0,-0.0835629575402635
20260814,603330.SH,-0.004870562148110219,3,0.0,0.0
20260814,002172.SZ,-0.006733356180291,4,1.0,-0.015138297872340497
20260814,000936.SZ,-0.007433243092310653,5,1.0,-0.09368128654970759
20260814,600613.SH,-0.0074458298015036015,6,1.0,0.12013768115942008
20260814,002724.SZ,-0.010671496828048008,7,1.0,-0.06467191977077374
20260814,002081.SZ,-0.01072817868872761,8,1.0,0.15004545454545454
20260814,001260.SZ,-0.011551355531031858,9,1.0,-0.09040909090909094
