signal_date,ts_code,score,rank,promotion_hit
20251111,600829.SH,0.7006776056654189,1,1
20251111,000632.SZ,0.7000223360572947,2,1
20251111,600693.SH,0.6332874126650662,3,1
20251111,603778.SH,0.6291146738525809,4,1
20251111,002387.SZ,0.6224292730174166,5,0
20251111,600429.SH,0.5551896648950588,6,1
20251111,002374.SZ,0.38403927843319413,7,1
20251111,603396.SH,0.35418548688296053,8,0
20251111,603938.SH,0.33149397970180383,9,0
20251111,000069.SZ,0.3280114508707419,10,0
20251111,600113.SH,0.2657674384289982,11,1
20251111,000688.SZ,0.17436013889272775,12,0
20251112,603778.SH,0.7351380610140316,1,1
20251112,600829.SH,0.7347387743803686,2,1
20251112,000407.SZ,0.7317484076843543,3,1
20251112,600429.SH,0.6415959027269657,4,1
20251112,600693.SH,0.5117264544290121,5,1
20251112,002374.SZ,0.4320849127422561,6,0
20251112,002309.SZ,0.4119326336854301,7,1
20251112,603122.SH,0.4092423640972679,8,1
20251112,002691.SZ,0.31968895902939715,9,1
20251112,600408.SH,0.2834803355108271,10,1
20251112,000631.SZ,0.268511045807129,11,0
20251112,000619.SZ,0.2615789757660148,12,0
20251112,600681.SH,0.25601635859834293,13,0
20251112,000061.SZ,0.24938155818713792,14,0
20251112,600737.SH,0.23518242952071794,15,0
20251112,600113.SH,0.1956266053554563,16,0
20251113,003041.SZ,0.8681793844285312,1,1
20251113,000407.SZ,0.7200544904187488,2,1
20251113,603122.SH,0.5916901219746048,3,0
20251113,002691.SZ,0.5412871554538764,4,0
20251113,600408.SH,0.4769143129221323,5,1
20251113,003018.SZ,0.41845960150244327,6,0
20251113,002309.SZ,0.3697054874849101,7,0
20251113,601566.SH,0.278786864972015,8,1
20251113,002578.SZ,0.2498028857092403,9,0
20251113,603026.SH,0.23384553554462054,10,1
20251113,002864.SZ,0.20877949130636136,11,0
20251113,001277.SZ,0.20611967487657218,12,0
20251114,003041.SZ,0.7639597451699913,1,1
20251114,600340.SH,0.6590826907122074,2,1
20251114,002682.SZ,0.638478950904977,3,1
20251114,002242.SZ,0.5753421393226351,4,0
20251114,601566.SH,0.4689506562130386,5,1
20251114,001203.SZ,0.3032652299481443,6,1
20251114,000592.SZ,0.29503524571209433,7,1
20251114,002805.SZ,0.2921109470524538,8,1
20251114,002227.SZ,0.28595701970947435,9,0
20251114,001266.SZ,0.23706691253037634,10,0
20251114,603948.SH,0.21955131243321768,11,0
20251114,000633.SZ,0.21322690205765307,12,0
20251114,603026.SH,0.19647435023186952,13,0
20251114,002780.SZ,0.18347883959441225,14,0
20251117,002682.SZ,0.7617960438521629,1,1
20251117,603353.SH,0.7114517481679334,2,1
20251117,600340.SH,0.7061808581946085,3,1
20251117,000547.SZ,0.6543955391690309,4,1
20251117,603366.SH,0.6433620826546125,5,0
20251117,000798.SZ,0.5850513956745897,6,1
20251117,002593.SZ,0.4414995453488447,7,0
20251117,002198.SZ,0.40726822038987,8,0
20251117,600327.SH,0.3954449888493646,9,0
20251117,000620.SZ,0.3455666391599363,10,0
20251117,001203.SZ,0.33595884080673005,11,0
20251117,600403.SH,0.30358463948625114,12,0
20251117,002805.SZ,0.29625017717118224,13,0
20251117,001216.SZ,0.2728510993030531,14,1
20251117,000566.SZ,0.2063348264390705,15,0
20251118,600756.SH,0.6137806320269333,1,1
20251118,000798.SZ,0.5101956389892253,2,1
20251118,001216.SZ,0.431249547033712,3,1
20251118,000546.SZ,0.42301768177632326,4,1
20251118,000547.SZ,0.4075477078927485,5,1
20251118,603829.SH,0.35962919615291256,6,0
20251118,603353.SH,0.3346080985741254,7,0
20251118,603232.SH,0.3064981232824973,8,0
20251118,002474.SZ,0.26603637075649555,9,1
20251118,600410.SH,0.19467770989906635,10,0
20251118,600376.SH,0.18510050471090692,11,0
20251119,600319.SH,0.9057861604715983,1,0
20251119,600756.SH,0.6778790358533744,2,0
20251119,000546.SZ,0.561058909550413,3,0
20251119,002877.SZ,0.5296893856179373,4,1
20251119,002474.SZ,0.509340472425415,5,1
20251119,002301.SZ,0.4077856470200272,6,0
20251119,600280.SH,0.4031751661829266,7,0
20251119,605136.SH,0.3198771927484681,8,0
20251119,603877.SH,0.22013070341245283,9,0
20251119,002213.SZ,0.21084073920389346,10,1
20251120,603216.SH,0.7877077701283218,1,1
20251120,002877.SZ,0.6181874133061344,2,0
20251120,601279.SH,0.46938500523800647,3,0
20251120,000017.SZ,0.4416214832544221,4,1
20251120,000859.SZ,0.3565011023395059,5,1
20251120,000663.SZ,0.30958514824706934,6,0
20251120,002213.SZ,0.29063336135741846,7,0
20251121,000017.SZ,0.6863691772158348,1,0
20251121,000859.SZ,0.42554734795255683,2,1
20251121,603216.SH,0.3062134198152101,3,1
20251121,000838.SZ,0.29251599256333005,4,0
20251121,603898.SH,0.2865644116147693,5,0
20251121,600996.SH,0.25181710912913985,6,0
20251121,600734.SH,0.2053748872115549,7,1
20251124,002264.SZ,0.7486547502218343,1,1
20251124,002285.SZ,0.4122590346520734,2,0
20251124,600734.SH,0.3195780419346956,3,1
20251124,603280.SH,0.24107685051870426,4,0
20251124,001296.SZ,0.23218041487978125,5,1
20251124,002279.SZ,0.2313204978971383,6,0
20251124,000070.SZ,0.22669497584761314,7,1
20251124,000892.SZ,0.2238608266179445,8,1
20251124,002307.SZ,0.16992695852534667,9,0
20251125,002264.SZ,0.7724770059353883,1,1
20251125,000070.SZ,0.5412301928570056,2,1
20251125,000892.SZ,0.4867264186908768,3,1
20251125,001296.SZ,0.4837139206038257,4,0
20251125,003018.SZ,0.4490386465319536,5,1
20251125,000952.SZ,0.3915186696900618,6,1
20251125,002413.SZ,0.3819473181764955,7,1
20251125,603778.SH,0.34635299243560885,8,0
20251125,600343.SH,0.2973892333800335,9,0
20251126,000952.SZ,0.5902748284855638,1,1
20251126,002114.SZ,0.5134169432558061,2,0
20251126,000510.SZ,0.47104400898367293,3,1
20251126,003018.SZ,0.4313030000756919,4,1
20251126,002413.SZ,0.4198135746888513,5,0
20251126,002512.SZ,0.4013107888869219,6,0
20251126,600828.SH,0.3814366439671596,7,1
20251126,002596.SZ,0.3445475705022119,8,0
20251126,002638.SZ,0.32552315768350515,9,0
20251126,002398.SZ,0.3068638417583098,10,0
20251126,603906.SH,0.27986593594000275,11,0
20251126,000788.SZ,0.2673580451253679,12,0
20251126,603155.SH,0.24103010004159622,13,0
20251126,605255.SH,0.1339164737669035,14,0
20251126,600105.SH,0.13313900292473718,15,0
20251127,600828.SH,0.7253826814638931,1,1
20251127,002702.SZ,0.4907007758691883,2,1
20251127,002187.SZ,0.45843716832992515,3,0
20251127,000510.SZ,0.4002574890981753,4,0
20251127,001387.SZ,0.288037722962197,5,0
20251127,000078.SZ,0.19729158310956726,6,1
20251127,600246.SH,0.17110486646270026,7,0
20251128,002792.SZ,0.6124262805885211,1,1
20251128,002632.SZ,0.5548790796057924,2,1
20251128,000078.SZ,0.4312435309424063,3,1
20251128,002702.SZ,0.3603899254299665,4,1
20251128,603353.SH,0.3482672998652549,5,0
20251128,603778.SH,0.2666984296999171,6,1
20251128,603933.SH,0.2619617741029489,7,1
20251201,600977.SH,0.6381441377125441,1,0
20251201,002565.SZ,0.6380626589055364,2,1
20251201,002413.SZ,0.604928492857629,3,1
20251201,002792.SZ,0.5895238440136485,4,1
20251201,603933.SH,0.4227124344388279,5,1
20251201,002632.SZ,0.3786614013476328,6,1
20251201,600868.SH,0.37747529343002,7,0
20251201,603778.SH,0.367286889327528,8,0
20251201,000547.SZ,0.3613809192581655,9,1
20251201,002519.SZ,0.3050730524866383,10,0
20251201,600981.SH,0.2974634233856526,11,1
20251201,001318.SZ,0.2560911759893749,12,0
20251201,002976.SZ,0.22534234306046796,13,1
20251201,002983.SZ,0.21547666707749427,14,0
20251201,002353.SZ,0.0932469909251882,15,0
20251202,600981.SH,0.4764218475537679,1,0
20251202,000547.SZ,0.4068811230997261,2,0
20251202,002976.SZ,0.3879393475621929,3,0
20251202,603327.SH,0.37290297040475373,4,1
20251202,002565.SZ,0.37279077560902363,5,1
20251202,002413.SZ,0.3100177447207967,6,0
20251202,000859.SZ,0.3001870735834156,7,0
20251202,000530.SZ,0.24288616465570878,8,0
20251203,002348.SZ,0.7330580670949933,1,1
20251203,002300.SZ,0.43962930813170487,2,1
20251203,603327.SH,0.38932956114746026,3,0
20251203,603696.SH,0.36354003219182746,4,1
20251203,605108.SH,0.24782135504944794,5,0
20251203,002686.SZ,0.23930285658862566,6,0
20251203,600408.SH,0.23881453714351095,7,0
20251204,002300.SZ,0.7250932641605462,1,1
20251204,002348.SZ,0.7131913173222982,2,0
20251204,603386.SH,0.5958581806679363,3,1
20251204,000692.SZ,0.5912423999622209,4,0
20251204,603696.SH,0.4589376804855653,5,1
20251204,002682.SZ,0.4581600420847651,6,1
20251204,600151.SH,0.42649197791219406,7,1
20251204,001211.SZ,0.2530177409369352,8,0
20251204,601399.SH,0.2337019565814442,9,1
20251204,002589.SZ,0.19983841688677334,10,1
20251205,002682.SZ,0.7277214398243969,1,1
20251205,002589.SZ,0.5699473079471243,2,1
20251205,605299.SH,0.44540840399956705,3,1
20251205,603709.SH,0.4242254580580553,4,0
20251205,601399.SH,0.3915750023958027,5,0
20251205,600151.SH,0.3664855862880506,6,0
20251205,002830.SZ,0.3290219577913135,7,0
20251205,603386.SH,0.3224486601542469,8,1
20251205,002585.SZ,0.274047858842849,9,1
20251208,002149.SZ,0.6995045801007558,1,0
20251208,002585.SZ,0.665863793628594,2,0
20251208,002961.SZ,0.5502945359274567,3,0
20251208,605299.SH,0.5357556486501874,4,1
20251208,603122.SH,0.4893768864103837,5,0
20251208,002752.SZ,0.40344466439863225,6,1
20251208,002565.SZ,0.39729596410100637,7,0
20251208,002679.SZ,0.3829981472006853,8,0
20251208,001360.SZ,0.35678421148583783,9,0
20251208,600693.SH,0.35523278476450676,10,1
20251208,000905.SZ,0.34973782294868827,11,1
20251208,000901.SZ,0.31924485312373974,12,0
20251208,002578.SZ,0.3142104974406079,13,0
20251208,002295.SZ,0.3064913729321825,14,0
20251208,002977.SZ,0.26699364849532903,15,0
20251208,600343.SH,0.2382888466107648,16,0
20251208,000811.SZ,0.22798358566131213,17,0
20251208,600734.SH,0.2266665196538005,18,0
20251208,600973.SH,0.21559874002842688,19,0
20251208,601106.SH,0.19066175566397206,20,0
20251209,002752.SZ,0.7542423209324001,1,0
20251209,002235.SZ,0.7156739698564903,2,1
20251209,600693.SH,0.6930280923345308,3,1
20251209,000905.SZ,0.5059787387198195,4,1
20251209,603278.SH,0.39118970247587326,5,0
20251209,003031.SZ,0.36556998947622493,6,1
20251209,603023.SH,0.29601006963462106,7,0
20251209,002512.SZ,0.29225861610676596,8,0
20251209,600250.SH,0.2672139252344839,9,0
20251209,001330.SZ,0.25382791850971703,10,1
20251209,603601.SH,0.24981804324749132,11,1
20251209,601933.SH,0.24560672122512223,12,1
20251209,600897.SH,0.18417303810043303,13,0
20251210,002235.SZ,0.7606557176319176,1,1
20251210,603601.SH,0.6732415862607692,2,1
20251210,601933.SH,0.5679854907012286,3,0
20251210,001330.SZ,0.542457040432523,4,0
20251210,600828.SH,0.4530780637722613,5,0
20251210,002105.SZ,0.4123828056293437,6,0
20251210,600280.SH,0.39975992949514866,7,0
20251210,003016.SZ,0.3685087100035435,8,0
20251210,603879.SH,0.3367267951414478,9,0
20251210,002725.SZ,0.3329722682962924,10,1
20251210,601828.SH,0.24705679425893126,11,0
20251210,600330.SH,0.22205341842130571,12,0
20251210,003031.SZ,0.12935364534459912,13,0
20251211,000950.SZ,0.5852147732202077,1,0
20251211,600678.SH,0.416232094797716,2,0
20251211,002725.SZ,0.41575879725917697,3,0
20251211,603709.SH,0.36104383177077165,4,1
20251211,603506.SH,0.30487736069384064,5,0
20251211,605358.SH,0.21112952410809305,6,0
20251212,001208.SZ,0.679976026280304,1,1
20251212,002309.SZ,0.5525713594088193,2,0
20251212,603709.SH,0.39875093863039823,3,0
20251212,600865.SH,0.38568121553865287,4,1
20251212,002639.SZ,0.28952875934749256,5,1
20251212,002471.SZ,0.2645936741904767,6,1
20251212,000890.SZ,0.2579640948202287,7,1
20251212,600936.SH,0.22254200437002464,8,1
20251212,600343.SH,0.21198238952109874,9,0
20251212,603929.SH,0.19311536698838225,10,0
20251215,001331.SZ,0.8782738763175906,1,1
20251215,002300.SZ,0.7428106159332426,2,1
20251215,001208.SZ,0.7099343097001589,3,1
20251215,002471.SZ,0.6869093938945902,4,0
20251215,000890.SZ,0.5794933014147045,5,1
20251215,600192.SH,0.5346123801650476,6,0
20251215,601700.SH,0.506969347572563,7,0
20251215,600865.SH,0.48859091586271314,8,1
20251215,002639.SZ,0.4653717709622818,9,0
20251215,002374.SZ,0.3512364252543966,10,0
20251215,600151.SH,0.34951955550667324,11,0
20251215,600936.SH,0.2995485946614795,12,0
20251216,001331.SZ,0.8804681723030902,1,1
20251216,002329.SZ,0.5738196249838913,2,0
20251216,002300.SZ,0.4245667919285423,3,0
20251216,002792.SZ,0.37791466817532526,4,0
20251216,600271.SH,0.33894435036259274,5,0
20251216,002697.SZ,0.33329284453078084,6,0
20251216,002187.SZ,0.29363076728318477,7,0
20251216,001317.SZ,0.28558244916105896,8,1
20251216,600879.SH,0.20368869091152703,9,0
20251217,002853.SZ,0.4740091995943701,1,1
20251217,002703.SZ,0.2587962351562575,2,1
20251217,001255.SZ,0.2543128274715715,3,1
20251217,603123.SH,0.2140820537099848,4,0
20251217,601366.SH,0.1989091295810351,5,1
20251217,001317.SZ,0.16957036654861982,6,0
20251218,002969.SZ,0.7720110960307596,1,1
20251218,002788.SZ,0.6333132375781637,2,1
20251218,603703.SH,0.5228414756651295,3,0
20251218,001255.SZ,0.5167037974682224,4,0
20251218,002703.SZ,0.41708223319004867,5,1
20251218,600250.SH,0.39032979797997824,6,0
20251218,002853.SZ,0.3842378458394101,7,0
20251218,601366.SH,0.3682741818244257,8,0
20251218,002188.SZ,0.36173626889976385,9,1
20251218,002910.SZ,0.31654218055105626,10,1
20251218,002044.SZ,0.2619338693675432,11,0
20251218,605365.SH,0.20019213982519823,12,0
20251218,603585.SH,0.19282977958871095,13,1
20251218,002865.SZ,0.17630905264834887,14,0
20251218,601869.SH,0.08267100141887189,15,0
20251219,002788.SZ,0.7600386819943932,1,1
20251219,002969.SZ,0.7593653430283601,2,1
20251219,002188.SZ,0.5255483735240122,3,0
20251219,603679.SH,0.5126715086442037,4,0
20251219,002910.SZ,0.4704774290603747,5,1
20251219,601566.SH,0.4504496170037925,6,0
20251219,603585.SH,0.33287724947560093,7,0
20251219,000863.SZ,0.3252997853451319,8,0
20251219,600838.SH,0.30549375024563624,9,0
20251219,603023.SH,0.301451262113259,10,0
20251219,002149.SZ,0.22754708930854597,11,0
20251219,002361.SZ,0.21045976430593943,12,1
20251219,605318.SH,0.15596726885622078,13,0
20251222,603977.SH,0.7211126671976428,1,0
20251222,002666.SZ,0.5188784050741404,2,0
20251222,002361.SZ,0.4306392013066437,3,1
20251222,002163.SZ,0.4168417601644005,4,1
20251222,002596.SZ,0.32636024064718716,5,1
20251222,000523.SZ,0.30340454601864214,6,0
20251222,000566.SZ,0.27444289318710796,7,1
20251222,001336.SZ,0.2673616244566925,8,1
20251222,603069.SH,0.2612885287028351,9,1
20251222,000981.SZ,0.2605812060410272,10,0
20251222,601106.SH,0.22840616981746759,11,0
20251222,002046.SZ,0.20812873125213388,12,0
20251223,002163.SZ,0.7205884360453267,1,1
20251223,603069.SH,0.6107609160522827,2,0
20251223,603696.SH,0.6088788741625271,3,1
20251223,002596.SZ,0.5692898307239537,4,0
20251223,000566.SZ,0.3633733751987383,5,0
20251223,001336.SZ,0.3506165198645326,6,0
20251223,002810.SZ,0.333020683591525,7,0
20251223,000551.SZ,0.3117976952705473,8,1
20251223,605167.SH,0.3007760879796479,9,0
20251223,600179.SH,0.2820857946649839,10,1
20251223,002228.SZ,0.25017660469235103,11,1
20251223,603163.SH,0.2127774934829513,12,1
20251223,603929.SH,0.11100718433896162,13,0
20251224,000551.SZ,0.7229122710000802,1,1
20251224,002909.SZ,0.6845723583075564,2,0
20251224,603696.SH,0.4867184214897263,3,0
20251224,002201.SZ,0.4823389887135413,4,1
20251224,002228.SZ,0.4420228207859871,5,1
20251224,000036.SZ,0.3888990776177707,6,0
20251224,600179.SH,0.32018014562284325,7,1
20251224,603698.SH,0.2038516509870448,8,1
20251224,002759.SZ,0.1871020278766242,9,0
20251224,603163.SH,0.17509779267581294,10,1
20251225,002363.SZ,0.7191555843011651,1,1
20251225,002201.SZ,0.7180285392392753,2,1
20251225,603601.SH,0.41216618448534975,3,1
20251225,002951.SZ,0.4065712348531063,4,0
20251225,603698.SH,0.32660436447425106,5,0
20251225,003007.SZ,0.3115422617195961,6,0
20251225,603278.SH,0.2704668801223711,7,1
20251225,600783.SH,0.23429324583914538,8,1
20251225,605007.SH,0.22695181471212095,9,1
20251225,600755.SH,0.17836408109252455,10,1
20251225,605598.SH,0.1613728757629758,11,1
20251225,600118.SH,0.14811731286965144,12,1
20251226,002931.SZ,0.8489315890575744,1,1
20251226,002763.SZ,0.6321322896433585,2,0
20251226,603278.SH,0.5343065604908865,3,1
20251226,002009.SZ,0.5205756174509028,4,1
20251226,605007.SH,0.48756583720751834,5,0
20251226,002652.SZ,0.46628090261278754,6,1
20251226,002363.SZ,0.4396178495296367,7,0
20251226,002347.SZ,0.4117765083984877,8,1
20251226,600783.SH,0.37866218374109295,9,1
20251226,600755.SH,0.27706729274404174,10,0
20251226,603601.SH,0.2680788173974671,11,0
20251226,000777.SZ,0.2564948577426134,12,0
20251226,002792.SZ,0.24534860706347317,13,0
20251226,600345.SH,0.194646703135671,14,0
20251226,605598.SH,0.1603752027639004,15,0
20251226,600118.SH,0.1216291908115138,16,1
20251229,002931.SZ,0.876174863422992,1,1
20251229,002471.SZ,0.6750376491019101,2,0
20251229,002591.SZ,0.4946265191904016,3,1
20251229,002652.SZ,0.4682605887589199,4,0
20251229,002347.SZ,0.4458719049291273,5,1
20251229,000659.SZ,0.42880473786290674,6,0
20251229,002691.SZ,0.380148596063643,7,0
20251229,002571.SZ,0.3647150314733276,8,0
20251229,002009.SZ,0.33671770067076556,9,1
20251229,600759.SH,0.32210871691802057,10,0
20251229,600736.SH,0.25298120773511457,11,0
20251229,000547.SZ,0.1850179582260834,12,0
20251230,002591.SZ,0.6549448098695745,1,0
20251230,605086.SH,0.3706126601465338,2,0
20251230,002177.SZ,0.3635361615424921,3,1
20251230,603458.SH,0.34816634620272957,4,0
20251230,605069.SH,0.33938458649141684,5,0
20251230,600506.SH,0.32347891696840614,6,0
20251230,000700.SZ,0.2950361539302646,7,0
20251230,002413.SZ,0.2885503032117817,8,1
20251230,603192.SH,0.2459828383300674,9,0
20251230,001266.SZ,0.24335823244339294,10,1
20251230,603667.SH,0.16255123358483575,11,1
20251231,603608.SH,0.6885407613610735,1,0
20251231,002413.SZ,0.4990119147104178,2,1
20251231,002177.SZ,0.4758833110609577,3,0
20251231,001299.SZ,0.40031954211442866,4,0
20251231,001266.SZ,0.38672561800401095,5,0
20251231,002757.SZ,0.32019574638998805,6,1
20251231,605003.SH,0.24763920305628961,7,0
20251231,603667.SH,0.204745959312177,8,0
20260105,002766.SZ,0.468263371581655,1,1
20260105,003039.SZ,0.35081784523144005,2,0
20260105,002757.SZ,0.3375623438330892,3,1
20260105,002718.SZ,0.30660626646238404,4,1
20260105,001231.SZ,0.2900679969541544,5,1
20260105,600266.SH,0.2636074085506045,6,1
20260105,002735.SZ,0.24079353394240627,7,0
20260105,600498.SH,0.17877989225202687,8,0
20260105,002151.SZ,0.1629693730279819,9,1
20260105,002131.SZ,0.1595987974977808,10,0
20260105,601698.SH,0.1289224007303919,11,1
20260106,600337.SH,0.7031246011439366,1,1
20260106,600775.SH,0.7004067052533682,2,1
20260106,002173.SZ,0.6442652349537915,3,1
20260106,002195.SZ,0.6408770636587496,4,1
20260106,000516.SZ,0.5648000276267391,5,0
20260106,002324.SZ,0.5395385497371545,6,1
20260106,603716.SH,0.5267587391039393,7,0
20260106,002519.SZ,0.4268633548192854,8,1
20260106,002766.SZ,0.408411723696114,9,0
20260106,600266.SH,0.40280237174148636,10,1
20260106,002462.SZ,0.3890170429909644,11,1
20260106,001231.SZ,0.38110928205610556,12,0
20260106,001210.SZ,0.3747807819881835,13,0
20260106,002774.SZ,0.37477961954001615,14,1
20260106,002718.SZ,0.33117954216536644,15,1
20260106,002925.SZ,0.3263076141119216,16,0
20260106,600855.SH,0.29301614674063864,17,0
20260106,600370.SH,0.2214529290773347,18,0
20260106,002151.SZ,0.21833466090154616,19,0
20260106,601698.SH,0.20297725937778002,20,0
20260106,002465.SZ,0.2017096846817661,21,0
20260106,603598.SH,0.18921369797370413,22,1
20260106,605358.SH,0.1793936040646207,23,0
20260106,603061.SH,0.17512750275319608,24,0
20260106,603579.SH,0.14504000409398046,25,0
20260106,001225.SZ,0.14306134403111,26,0
20260106,603929.SH,0.13473869470532715,27,0
20260107,002519.SZ,0.7546337433113588,1,1
20260107,600337.SH,0.7482469052688437,2,1
20260107,001331.SZ,0.7467425170639206,3,0
20260107,600775.SH,0.6906764051020795,4,1
20260107,600783.SH,0.6845812598233171,5,1
20260107,002195.SZ,0.6625691346683011,6,1
20260107,000620.SZ,0.657977359106783,7,0
20260107,002324.SZ,0.6364212493408588,8,1
20260107,002173.SZ,0.6005353073142494,9,1
20260107,002462.SZ,0.4690712913971883,10,0
20260107,002774.SZ,0.4590070195398678,11,1
20260107,603598.SH,0.4022955262365697,12,0
20260107,600435.SH,0.29451127629722257,13,0
20260107,600869.SH,0.27225373086891624,14,1
20260107,002788.SZ,0.23200230534600752,15,1
20260107,002202.SZ,0.1764671947842653,16,1
20260107,001400.SZ,0.1277870885962178,17,1
20260108,600783.SH,0.7574742292699114,1,1
20260108,603015.SH,0.6379476087267952,2,1
20260108,601106.SH,0.5624851238588396,3,1
20260108,600869.SH,0.5229543510112804,4,0
20260108,603488.SH,0.3355161029153872,5,0
20260108,600135.SH,0.2961010875582016,6,0
20260108,600637.SH,0.27927739313725786,7,1
20260108,002792.SZ,0.2789045375984266,8,0
20260108,002639.SZ,0.25774070036665414,9,0
20260108,002788.SZ,0.23099897275672357,10,0
20260108,601611.SH,0.2141672288700849,11,0
20260108,002202.SZ,0.206534401126441,12,1
20260108,601399.SH,0.18334721687455055,13,0
20260108,001400.SZ,0.16977766771856315,14,1
20260108,603650.SH,0.11740661332745857,15,0
20260109,600477.SH,0.7132565613403564,1,1
20260109,603017.SH,0.7008647386324468,2,1
20260109,002342.SZ,0.672371690340235,3,1
20260109,600637.SH,0.5027457005756768,4,1
20260109,002316.SZ,0.36026095209086645,5,1
20260109,601106.SH,0.33014821997530086,6,1
20260109,603015.SH,0.31552185697249385,7,1
20260109,600215.SH,0.2582970156396929,8,0
20260109,003007.SZ,0.1928968854348358,9,1
20260109,603938.SH,0.17086002242007498,10,0
20260109,600879.SH,0.15664053795847543,11,1
20260112,002342.SZ,0.6996908088053696,1,1
20260112,600676.SH,0.6923289800358052,2,1
20260112,003007.SZ,0.6848282187829344,3,1
20260112,600776.SH,0.682775942995073,4,1
20260112,600477.SH,0.660757362770651,5,1
20260112,603598.SH,0.6373605923647327,6,1
20260112,002131.SZ,0.6322112695906957,7,1
20260112,002044.SZ,0.6289158811168751,8,1
20260112,600880.SH,0.6026692598725313,9,0
20260112,603496.SH,0.565884029782459,10,0
20260112,600828.SH,0.5047081138767167,11,0
20260112,603017.SH,0.4816251842409051,12,0
20260112,002316.SZ,0.4791169528351528,13,0
20260112,600986.SH,0.3936833475674105,14,0
20260112,002512.SZ,0.3888292454934333,15,0
20260112,002115.SZ,0.34744836967976406,16,1
20260112,000917.SZ,0.3208131617657468,17,0
20260112,002181.SZ,0.31917388333112534,18,0
20260112,000503.SZ,0.29765275428789145,19,0
20260112,002400.SZ,0.28497178181364846,20,1
20260112,600879.SH,0.2676541980617811,21,0
20260112,000969.SZ,0.2548546995346655,22,0
20260112,601698.SH,0.2467276505684097,23,0
20260112,600556.SH,0.2072013866364073,24,0
20260112,002017.SZ,0.19697075767001368,25,0
20260112,603171.SH,0.19208271106545433,26,0
20260112,603882.SH,0.16393574937271915,27,0
20260112,002046.SZ,0.1626298420168248,28,0
20260113,600676.SH,0.7596322792165767,1,1
20260113,002131.SZ,0.7303049973044211,2,1
20260113,002044.SZ,0.7021836248688834,3,1
20260113,002115.SZ,0.6576148917661601,4,1
20260113,002400.SZ,0.5042939266475781,5,1
20260113,603000.SH,0.412660035984729,6,1
20260113,002574.SZ,0.3934359242816444,7,1
20260113,601992.SH,0.38461873264753904,8,1
20260113,002769.SZ,0.3712609112695054,9,0
20260113,601116.SH,0.3421849657021674,10,1
20260113,600776.SH,0.3180651701613489,11,0
20260113,603488.SH,0.31025293864884906,12,0
20260113,603598.SH,0.3087393068522172,13,0
20260113,001255.SZ,0.30716187417263585,14,1
20260113,000593.SZ,0.3016782074094908,15,1
20260113,000785.SZ,0.26468208002858473,16,0
20260113,000681.SZ,0.2493228786988576,17,0
20260113,600877.SH,0.23427483283425501,18,0
20260113,002465.SZ,0.23111901517555136,19,1
20260113,001202.SZ,0.20050381778189874,20,0
20260113,603888.SH,0.1635289927080666,21,1
20260113,002718.SZ,0.15443238005851082,22,1
20260113,003041.SZ,0.10556351447100418,23,0
20260114,601116.SH,0.6860760026763564,1,0
20260114,002112.SZ,0.6492425543154551,2,1
20260114,002219.SZ,0.5648445036001699,3,0
20260114,002574.SZ,0.5263118135166998,4,0
20260114,601992.SH,0.4077291520337838,5,0
20260114,600662.SH,0.3362725614978975,6,1
20260114,000078.SZ,0.3193877883248327,7,0
20260114,001255.SZ,0.3136665958898447,8,1
20260114,002465.SZ,0.2944826077249279,9,0
20260114,002718.SZ,0.2857396982576648,10,0
20260114,603888.SH,0.2665425635659029,11,0
20260114,000516.SZ,0.2599201331018032,12,0
20260114,603000.SH,0.258772836757515,13,1
20260114,000593.SZ,0.24664878488771164,14,0
20260115,603056.SH,0.7407775014766577,1,1
20260115,002707.SZ,0.6246401186492047,2,0
20260115,600410.SH,0.5433981179239069,3,0
20260115,002218.SZ,0.4402237320259905,4,0
20260115,600662.SH,0.39151981650070056,5,0
20260115,002112.SZ,0.3564339118395514,6,0
20260115,002264.SZ,0.3368059593888885,7,0
20260115,002153.SZ,0.3121025875458145,8,0
20260115,600785.SH,0.27107840710801134,9,1
20260115,002446.SZ,0.23562326658553195,10,0
20260115,605287.SH,0.23318066092133027,11,0
20260116,600058.SH,0.7420637078083473,1,0
20260116,603056.SH,0.5155239517188642,2,0
20260116,600785.SH,0.39353031869012745,3,1
20260116,002796.SZ,0.3091300633767315,4,0
20260116,002119.SZ,0.29161338815547855,5,0
20260119,002498.SZ,0.6879370798954055,1,1
20260119,002358.SZ,0.6288204233560925,2,1
20260119,601616.SH,0.3565489397201993,3,1
20260119,002339.SZ,0.34685610837644965,4,0
20260119,603061.SH,0.29133755231672426,5,0
20260119,000720.SZ,0.2622038440574537,6,0
20260119,601096.SH,0.2169189352323428,7,0
20260119,002028.SZ,0.17798937979546578,8,0
20260119,603667.SH,0.13697618750480572,9,0
20260120,002931.SZ,0.7859894739529933,1,1
20260120,002358.SZ,0.7364320946897444,2,0
20260120,002498.SZ,0.7352932037166915,3,0
20260120,601616.SH,0.5205026568252975,4,1
20260120,002969.SZ,0.4776543913828701,5,0
20260120,603926.SH,0.3522582257311305,6,1
20260120,600230.SH,0.2934086784240349,7,0
20260120,600774.SH,0.2865088397751963,8,0
20260120,000506.SZ,0.2839050561079642,9,1
20260120,000949.SZ,0.2743717464447191,10,0
20260120,600391.SH,0.2541926810990435,11,0
20260120,002546.SZ,0.24957941564725244,12,0
20260120,002201.SZ,0.22994715830512003,13,0
20260121,603078.SH,0.7910720237337903,1,1
20260121,000670.SZ,0.7298364628518033,2,1
20260121,002931.SZ,0.562360399359275,3,1
20260121,000506.SZ,0.3600491334693735,4,0
20260121,603926.SH,0.3490507087993787,5,0
20260121,002809.SZ,0.31793380214766054,6,0
20260121,000048.SZ,0.2752023119026295,7,0
20260121,601212.SH,0.22284742913901348,8,1
20260121,002716.SZ,0.2203238114206911,9,1
20260121,002165.SZ,0.1674150906969254,10,0
20260122,603078.SH,0.7599600781433747,1,1
20260122,000670.SZ,0.6059557032437185,2,0
20260122,002716.SZ,0.4224116801163766,3,0
20260122,002342.SZ,0.330267402112406,4,1
20260122,000036.SZ,0.3265166663840138,5,0
20260122,001202.SZ,0.3140042495060574,6,0
20260122,603608.SH,0.31399364803692026,7,0
20260122,600759.SH,0.2848054522036671,8,0
20260122,601212.SH,0.2745745268794338,9,1
20260122,600770.SH,0.2679485489884495,10,0
20260122,000880.SZ,0.23378039386862118,11,0
20260122,600868.SH,0.2109705036241042,12,0
20260122,603256.SH,0.1819690775423872,13,0
20260122,002279.SZ,0.16002144403308755,14,0
20260122,603040.SH,0.15092384011873083,15,0
20260122,001389.SZ,0.1322824550960687,16,0
20260123,002471.SZ,0.6458702569831667,1,0
20260123,002342.SZ,0.5722146967040266,2,0
20260123,002943.SZ,0.5602039405563594,3,0
20260123,603095.SH,0.42715706961821454,4,0
20260123,002865.SZ,0.29404859747875517,5,0
20260123,002636.SZ,0.25912698742651197,6,0
20260123,001316.SZ,0.22358991533189426,7,0
20260123,002149.SZ,0.20796659459417427,8,0
20260126,002218.SZ,0.6733359537825488,1,1
20260126,601615.SH,0.6233799217421848,2,0
20260126,600531.SH,0.6205654854778099,3,1
20260126,600986.SH,0.3774768313391759,4,0
20260126,002667.SZ,0.3733427744074423,5,0
20260126,600916.SH,0.3087568994743914,6,1
20260126,000630.SZ,0.3029086010847501,7,0
20260126,003042.SZ,0.2753061353832292,8,1
20260126,000603.SZ,0.27050114220334825,9,0
20260126,000593.SZ,0.2645591848822721,10,0
20260126,002623.SZ,0.23697614366913947,11,0
20260126,000751.SZ,0.2292582817513379,12,0
20260126,001337.SZ,0.22539634309101692,13,1
20260126,002506.SZ,0.2253427426328416,14,0
20260127,002155.SZ,0.71969765781985,1,1
20260127,003042.SZ,0.6051581827601579,2,1
20260127,600916.SH,0.4510644508820211,3,1
20260127,002218.SZ,0.40623766295722324,4,0
20260127,002524.SZ,0.37548203717581535,5,0
20260127,000506.SZ,0.32363036844428805,6,1
20260127,600531.SH,0.2673616725046679,7,1
20260127,002995.SZ,0.2505952054095975,8,0
20260127,603132.SH,0.2351342343113695,9,1
20260127,002009.SZ,0.21646939726680642,10,0
20260127,001337.SZ,0.20768122273176703,11,1
20260127,002030.SZ,0.18851721123602513,12,0
20260128,002155.SZ,0.7103049151499194,1,1
20260128,603132.SH,0.48437503630833906,2,0
20260128,000506.SZ,0.37574446416122015,3,1
20260128,002119.SZ,0.23050382864370444,4,0
20260128,603052.SH,0.1121089518482839,5,0
20260129,002207.SZ,0.4060812474434319,1,0
20260129,603958.SH,0.38445568698115984,2,0
20260129,001376.SZ,0.32717906090087706,3,0
20260129,601388.SH,0.31977182780942176,4,0
20260129,002440.SZ,0.27624265284079963,5,0
20260129,002455.SZ,0.26416400112785055,6,1
20260129,600871.SH,0.2628404984346537,7,0
20260129,600759.SH,0.2450486490234167,8,0
20260129,000630.SZ,0.24027834592817282,9,0
20260129,603619.SH,0.23697879487268608,10,0
20260129,601069.SH,0.20866781159702094,11,0
20260129,000878.SZ,0.2057445835487627,12,0
20260129,000737.SZ,0.19588960157630442,13,0
20260130,603172.SH,0.7480160188915942,1,1
20260130,002455.SZ,0.5340899259091084,2,0
20260130,600084.SH,0.45964321902033123,3,0
20260130,603103.SH,0.41193849745092304,4,1
20260130,000995.SZ,0.23840606581340504,5,1
20260130,002995.SZ,0.1726132209629285,6,0
20260202,603103.SH,0.6996787374782621,1,1
20260202,603618.SH,0.6975261241134072,2,1
20260202,603861.SH,0.635320831674769,3,0
20260202,603172.SH,0.5934208676292682,4,1
20260202,000995.SZ,0.4741734433976695,5,1
20260202,002830.SZ,0.38230566345938555,6,1
20260202,605151.SH,0.29560486119026724,7,0
20260202,600828.SH,0.26212223176365007,8,0
20260202,002491.SZ,0.2588945860119022,9,0
20260202,603629.SH,0.22983628574390297,10,0
20260203,603618.SH,0.530332715299535,1,1
20260203,002830.SZ,0.38519807442778325,2,1
20260203,600785.SH,0.2916976698055813,3,0
20260203,002112.SZ,0.22739524072265652,4,0
20260203,000533.SZ,0.22232480093682397,5,1
20260203,002471.SZ,0.14187738045643708,6,0
20260204,000533.SZ,0.49076088401569073,1,0
20260204,002342.SZ,0.4544601656353651,2,0
20260204,600683.SH,0.4226326784889948,3,1
20260204,603778.SH,0.3783488453977484,4,0
20260204,600481.SH,0.32529116747760006,5,0
20260204,000039.SZ,0.26627367642922134,6,0
20260204,002126.SZ,0.26323353776002417,7,0
20260204,600330.SH,0.17991423030107198,8,0
20260205,603616.SH,0.7517149293401394,1,1
20260205,601015.SH,0.5348436201546481,2,0
20260205,600683.SH,0.5100642348975972,3,0
20260205,603826.SH,0.32098344087983793,4,0
20260205,600814.SH,0.31418001331882073,5,1
20260205,002355.SZ,0.24461799086915315,6,0
20260205,002506.SZ,0.17865263527607156,7,1
20260205,603334.SH,0.1633874001545455,8,0
20260206,003018.SZ,0.736994859718629,1,1
20260206,002506.SZ,0.5809908380468839,2,1
20260206,600814.SH,0.49901714954209586,3,0
20260206,603616.SH,0.42005298285284426,4,1
20260206,002361.SZ,0.3108900263208626,5,0
20260206,000056.SZ,0.2093786478809079,6,0
20260209,003018.SZ,0.7107017417303271,1,0
20260209,600884.SH,0.6227828117962613,2,0
20260209,002455.SZ,0.39428227004045335,3,1
20260209,002440.SZ,0.35662100821541376,4,0
20260209,002054.SZ,0.3522710860844222,5,0
20260209,600722.SH,0.34669777779287847,6,0
20260209,002624.SZ,0.2922295405501862,7,0
20260209,002099.SZ,0.2642002977577356,8,0
20260209,002015.SZ,0.2624777944759284,9,0
20260209,002830.SZ,0.2534318984324191,10,0
20260209,603618.SH,0.2518450200977226,11,0
20260209,603626.SH,0.2474447828529378,12,0
20260210,605287.SH,0.8786392683478597,1,1
20260210,603729.SH,0.7900018599312302,2,1
20260210,002455.SZ,0.7656713740460975,3,1
20260210,603980.SH,0.75061559011924,4,1
20260210,603533.SH,0.6876100512814661,5,1
20260210,600589.SH,0.6676956494701628,6,1
20260210,000892.SZ,0.6327314536377044,7,1
20260210,002429.SZ,0.5700120076283519,8,0
20260210,603466.SH,0.38093106241223923,9,0
20260210,002323.SZ,0.28597516833043735,10,1
20260210,605060.SH,0.2742966924852475,11,0
20260210,603301.SH,0.25706962312970255,12,0
20260210,603103.SH,0.24160698365262973,13,0
20260210,001330.SZ,0.22625996584067298,14,0
20260210,601869.SH,0.20890854878816073,15,0
20260210,601595.SH,0.1953183887806511,16,0
20260210,603598.SH,0.19165174717222322,17,0
20260211,603729.SH,0.7182651897409099,1,0
20260211,600589.SH,0.7150404469620945,2,1
20260211,603533.SH,0.6474034336913904,3,1
20260211,000070.SZ,0.6290584309441722,4,1
20260211,002323.SZ,0.5415395855661572,5,1
20260211,603968.SH,0.4437734991189818,6,0
20260211,000892.SZ,0.40691402319284836,7,0
20260211,603980.SH,0.3402399993030498,8,0
20260211,002723.SZ,0.3365335984722971,9,0
20260211,605287.SH,0.13262995852636922,10,1
20260212,605033.SH,0.7324720765972184,1,1
20260212,001896.SZ,0.6374094366145864,2,1
20260212,605006.SH,0.445936844095663,3,0
20260212,600397.SH,0.39845728006168074,4,0
20260212,600545.SH,0.3932006128572253,5,0
20260212,000070.SZ,0.38424759859057345,6,0
20260212,603138.SH,0.2514644150647119,7,0
20260212,603256.SH,0.22185043678461805,8,0
20260212,002951.SZ,0.21184546218847736,9,1
20260212,000962.SZ,0.20823109915103313,10,0
20260212,002842.SZ,0.19417314254020318,11,0
20260212,002378.SZ,0.18743275311604232,12,0
20260212,002080.SZ,0.15665990052789855,13,0
20260213,001896.SZ,0.6908761869478893,1,1
20260213,605033.SH,0.6298672577181974,2,1
20260213,002951.SZ,0.3654923754566658,3,0
20260213,002498.SZ,0.2989781175854451,4,1
20260224,002498.SZ,0.4896770069349131,1,1
20260224,000890.SZ,0.364573504924579,2,1
20260224,603466.SH,0.18635555983705324,3,0
20260224,601890.SH,0.17413265541328488,4,0
20260224,605289.SH,0.13997504655558884,5,1
20260225,000890.SZ,0.48508194799607496,1,1
20260225,600078.SH,0.4725160812552297,2,1
20260225,002470.SZ,0.3896952554635237,3,1
20260225,600470.SH,0.3714930521450509,4,0
20260225,002811.SZ,0.2999705774484946,5,0
20260225,000545.SZ,0.2598973876891001,6,0
20260225,603601.SH,0.24748540311102793,7,0
20260225,001396.SZ,0.24446924045807536,8,0
20260225,000636.SZ,0.2261972561349226,9,0
20260225,603077.SH,0.19846905171454904,10,0
20260225,601872.SH,0.19779202586052488,11,0
20260225,605178.SH,0.19137483579851924,12,0
20260225,600759.SH,0.17949693285551394,13,0
20260225,600397.SH,0.15784244241011822,14,0
20260225,600096.SH,0.15573643823888775,15,0
20260225,605289.SH,0.12762722295579584,16,0
20260226,002470.SZ,0.7540595662937648,1,1
20260226,600078.SH,0.5312720507562922,2,0
20260226,000899.SZ,0.3293733031747161,3,1
20260226,001209.SZ,0.26613668138546587,4,1
20260226,002378.SZ,0.24305582130830802,5,1
20260226,002428.SZ,0.2043175516544008,6,0
20260226,000826.SZ,0.1760214047796085,7,0
20260227,000899.SZ,0.5535401072443357,1,0
20260227,001209.SZ,0.5119078390845551,2,0
20260227,002843.SZ,0.44421709647919105,3,1
20260227,002350.SZ,0.43440901727724307,4,0
20260227,002378.SZ,0.41551115196428345,5,0
20260227,603950.SH,0.3570270579926612,6,1
20260227,600744.SH,0.22211861316748446,7,0
20260227,603530.SH,0.19125744124106286,8,0
20260227,600498.SH,0.16186128813565523,9,1
20260302,002980.SZ,0.6650089086909317,1,1
20260302,600108.SH,0.5155177649207439,2,1
20260302,002843.SZ,0.300028130156074,3,0
20260302,000035.SZ,0.29088614997997425,4,0
20260302,600498.SH,0.2857812433830409,5,0
20260302,600452.SH,0.27361455036193605,6,0
20260302,603738.SH,0.27198280940126235,7,0
20260302,000510.SZ,0.26197267198276475,8,0
20260302,603318.SH,0.25468688521442806,9,1
20260302,603897.SH,0.24538586973218351,10,0
20260302,002356.SZ,0.23631716327047547,11,0
20260302,603353.SH,0.2111416002973806,12,1
20260302,600301.SH,0.18637746461871973,13,0
20260302,002842.SZ,0.18437972277558717,14,0
20260302,603950.SH,0.17791339534628406,15,0
20260302,603257.SH,0.17480221383407424,16,0
20260302,600259.SH,0.16761097722887178,17,0
20260302,000960.SZ,0.16503863521770576,18,0
20260302,002155.SZ,0.15323129415303985,19,0
20260302,603629.SH,0.14299603764569782,20,0
20260303,002207.SZ,0.7194544157548024,1,1
20260303,002490.SZ,0.7053061647079858,2,1
20260303,603318.SH,0.6951265910467017,3,1
20260303,600722.SH,0.6711312750294607,4,0
20260303,600759.SH,0.6624227729010325,5,1
20260303,600871.SH,0.6481304966055864,6,1
20260303,000554.SZ,0.514672160906481,7,0
20260303,600108.SH,0.3581273067590478,8,1
20260303,603619.SH,0.34902797149148657,9,0
20260303,002980.SZ,0.29578731405747616,10,0
20260303,601975.SH,0.2927252663595412,11,0
20260303,601857.SH,0.2743287988358614,12,0
20260303,600339.SH,0.267607824039025,13,0
20260303,002828.SZ,0.26309893685842256,14,0
20260303,601808.SH,0.2480734802222048,15,0
20260303,000968.SZ,0.24515249749492263,16,0
20260303,600714.SH,0.2358961092637845,17,0
20260303,600026.SH,0.23160556271482452,18,0
20260303,600688.SH,0.2247546616016868,19,0
20260303,600256.SH,0.217632827306241,20,0
20260303,000096.SZ,0.21723854389430636,21,0
20260303,002040.SZ,0.214349525115515,22,0
20260303,601872.SH,0.21190660692330163,23,0
20260303,603727.SH,0.19823458707522634,24,0
20260303,002554.SZ,0.19402531728526876,25,0
20260303,603353.SH,0.1895267053532724,26,0
20260303,600968.SH,0.18130663877349953,27,0
20260303,600028.SH,0.16814431296629564,28,0
20260303,600938.SH,0.16670506544778235,29,0
20260303,002629.SZ,0.1653219239570143,30,0
20260303,600583.SH,0.15883058744385514,31,0
20260303,600367.SH,0.15594009667543599,32,0
20260304,600871.SH,0.6243906833572662,1,0
20260304,002490.SZ,0.5757709444370132,2,0
20260304,002207.SZ,0.481474744228815,3,0
20260304,600759.SH,0.440036330382104,4,0
20260305,600545.SH,0.7332132655681014,1,1
20260305,000533.SZ,0.7123455101349757,2,1
20260305,605268.SH,0.6521534713060645,3,1
20260305,002498.SZ,0.40833381129120605,4,1
20260305,002877.SZ,0.3708471319752939,5,0
20260305,002339.SZ,0.21472288497780373,6,0
20260306,000533.SZ,0.7352426504790833,1,1
20260306,605268.SH,0.6963391515062662,2,1
20260306,600545.SH,0.4828141434528968,3,0
20260306,002498.SZ,0.3775991577645437,4,0
20260306,600590.SH,0.3739477215646354,5,0
20260306,000509.SZ,0.28608158621306745,6,0
20260306,000815.SZ,0.2525673969560511,7,1
20260306,002913.SZ,0.1389075363220907,8,0
20260309,600821.SH,0.5892593484824693,1,0
20260309,601789.SH,0.5183765895083428,2,1
20260309,600227.SH,0.36918995199111726,3,0
20260309,000815.SZ,0.3135545988615846,4,0
20260309,002015.SZ,0.28274049900320564,5,0
20260309,000601.SZ,0.19297612635455588,6,0
20260309,601567.SH,0.18845375253433752,7,0
20260309,000534.SZ,0.18173537431611775,8,0
20260309,002261.SZ,0.1791195165451,9,0
20260310,002445.SZ,0.7666829346837035,1,1
20260310,601789.SH,0.7204687339340691,2,1
20260310,002903.SZ,0.2637143440588126,3,0
20260310,600135.SH,0.25564320071851065,4,0
20260310,002575.SZ,0.22247952632272744,5,0
20260311,002445.SZ,0.7235775331432499,1,1
20260311,600769.SH,0.27730236919529033,2,0
20260311,603803.SH,0.2758559191569404,3,0
20260311,000537.SZ,0.26206565543182153,4,1
20260311,603421.SH,0.20924004497035895,5,0
20260311,600108.SH,0.20788991895228728,6,0
20260311,600726.SH,0.1967194375665749,7,1
20260311,000839.SZ,0.19085886976072183,8,0
20260311,600172.SH,0.1786044506890879,9,0
20260312,000537.SZ,0.5559899535969396,1,0
20260312,600726.SH,0.3729503298638379,2,1
20260312,600722.SH,0.2806481341274566,3,1
20260312,002150.SZ,0.24804519686948556,4,0
20260312,601016.SH,0.21713722379885703,5,0
20260312,601868.SH,0.21415913919352303,6,0
20260312,601330.SH,0.1964922925186797,7,0
20260313,600121.SH,0.48907337970273695,1,0
20260313,000890.SZ,0.4755161676516014,2,1
20260313,600722.SH,0.3980680572549256,3,0
20260313,600691.SH,0.3565091985102461,4,0
20260313,600370.SH,0.25569133910097175,5,1
20260313,002487.SZ,0.16250887152902568,6,0
20260316,600370.SH,0.5388945931451483,1,1
20260316,600683.SH,0.4893314484036392,2,1
20260316,000890.SZ,0.3514547912582086,3,1
20260316,600227.SH,0.29780964972349094,4,1
20260316,603248.SH,0.19167226128421289,5,1
20260316,603929.SH,0.10280144297286477,6,1
20260317,000020.SZ,0.5378098766534244,1,1
20260317,600683.SH,0.5155247666784887,2,0
20260317,600227.SH,0.4533647852969424,3,0
20260317,600396.SH,0.4086464450945693,4,1
20260317,600545.SH,0.3916213947485255,5,0
20260317,603248.SH,0.3536937907400174,6,0
20260317,603778.SH,0.21337805573918295,7,0
20260317,000533.SZ,0.19313367953472121,8,0
20260317,603929.SH,0.13721839403735034,9,0
20260318,000020.SZ,0.6930170535490818,1,1
20260318,600396.SH,0.6708465333086409,2,1
20260318,002323.SZ,0.494681697420593,3,0
20260318,603387.SH,0.40225442986644766,4,0
20260318,600307.SH,0.2707519914148143,5,0
20260318,002565.SZ,0.1774647150155138,6,0
20260319,603687.SH,0.7381524518192543,1,1
20260319,000601.SZ,0.5999092058220827,2,1
20260319,600666.SH,0.30665691448325494,3,0
20260319,000539.SZ,0.30255696815809074,4,0
20260319,000815.SZ,0.2968251266543317,5,0
20260319,002432.SZ,0.1999773074356099,6,0
20260320,603687.SH,0.747526498681903,1,1
20260320,000601.SZ,0.5121476809794909,2,0
20260320,600617.SH,0.3133523453058981,3,0
20260320,002310.SZ,0.31101790345552144,4,1
20260320,600726.SH,0.14211462446400405,5,0
20260323,002309.SZ,0.6514491874597564,1,1
20260323,002310.SZ,0.41229977244610994,2,0
20260323,002150.SZ,0.19285683838984113,3,0
20260324,002309.SZ,0.7242609079178987,1,1
20260324,600758.SH,0.3001075238785927,2,1
20260324,002218.SZ,0.2895321657613711,3,0
20260324,600032.SH,0.2745873734184246,4,1
20260325,600666.SH,0.7166098643925534,1,0
20260325,000720.SZ,0.6345729018086708,2,1
20260325,000722.SZ,0.5814157139012814,3,1
20260325,600758.SH,0.4027737895426207,4,0
20260325,002491.SZ,0.3961783992689826,5,0
20260325,600032.SH,0.3667852435494229,6,0
20260325,605299.SH,0.3334222890289998,7,0
20260325,605366.SH,0.31997939844027523,8,0
20260325,000539.SZ,0.29136644763975367,9,0
20260325,601016.SH,0.28750460466519956,10,0
20260325,002771.SZ,0.2845323598973184,11,0
20260325,600527.SH,0.2825208425367736,12,0
20260325,600698.SH,0.255094708397702,13,0
20260325,600539.SH,0.25226676522015806,14,0
20260325,000601.SZ,0.24794878691752456,15,0
20260325,603808.SH,0.23681052850029932,16,0
20260325,601869.SH,0.21459493747111516,17,0
20260325,603538.SH,0.20877036298812066,18,1
20260325,600982.SH,0.17951261308301714,19,0
20260325,002192.SZ,0.16525441639810787,20,1
20260325,601606.SH,0.1285040411219223,21,0
20260326,000720.SZ,0.7321284358901375,1,1
20260326,000722.SZ,0.3702404851944147,2,0
20260326,600800.SH,0.3507941371220098,3,0
20260326,600163.SH,0.3460014899299615,4,0
20260326,603538.SH,0.32545947216273546,5,1
20260326,600726.SH,0.31974192508839017,6,0
20260326,002902.SZ,0.24282218970299532,7,0
20260326,002192.SZ,0.20755445750478851,8,1
20260326,000927.SZ,0.17838097663774768,9,0
20260326,603601.SH,0.17294690755945624,10,0
20260327,600310.SH,0.6597840318148764,1,0
20260327,600844.SH,0.44675646879764874,2,0
20260327,603272.SH,0.35855493008426376,3,1
20260327,002263.SZ,0.22232248362077803,4,0
20260327,002361.SZ,0.2103910457257106,5,1
20260327,002082.SZ,0.19499282929891043,6,0
20260327,603026.SH,0.19016099067573594,7,0
20260327,000767.SZ,0.152049031032617,8,0
20260330,000890.SZ,0.3740888505137386,1,0
20260330,002361.SZ,0.34863309828917793,2,1
20260330,003042.SZ,0.3370060079758215,3,0
20260330,600488.SH,0.31084564501908285,4,1
20260330,603272.SH,0.3094720134660202,5,0
20260330,002038.SZ,0.3039896032159906,6,0
20260330,600539.SH,0.2838750701019068,7,0
20260330,603585.SH,0.27582879867966126,8,0
20260330,600996.SH,0.2655748583610563,9,0
20260330,603618.SH,0.23610382600091107,10,0
20260330,002432.SZ,0.22518281490449532,11,0
20260330,600513.SH,0.2086349871729085,12,0
20260330,600955.SH,0.19862103211452967,13,0
20260331,002578.SZ,0.4663464715134278,1,0
20260331,600488.SH,0.3850947049673098,2,1
20260331,002634.SZ,0.3145034508655059,3,0
20260331,600502.SH,0.2864292211964342,4,0
20260331,000592.SZ,0.19343805820293017,5,0
20260401,605162.SH,0.38796313574403274,1,1
20260401,002560.SZ,0.2592001817110202,2,1
20260401,002821.SZ,0.25536905504516977,3,0
20260402,605162.SH,0.5526154066960133,1,0
20260402,002560.SZ,0.5073166950352752,2,0
20260402,600594.SH,0.39894659782735226,3,0
20260402,000788.SZ,0.34367258165286774,4,0
20260403,000586.SZ,0.6510332890382214,1,1
20260403,000720.SZ,0.28225515487088876,2,1
20260407,000586.SZ,0.7724523696570756,1,1
20260407,000720.SZ,0.4659820348545102,2,0
20260407,603123.SH,0.33962716773621815,3,0
20260407,600654.SH,0.2349229092389054,4,1
20260407,605589.SH,0.21234125294435763,5,0
20260407,002980.SZ,0.15703447277750476,6,0
20260408,002051.SZ,0.4838963952725794,1,0
20260408,002491.SZ,0.45311096888508845,2,0
20260408,600743.SH,0.39696177787502035,3,1
20260408,002181.SZ,0.3695590407542511,4,0
20260408,002663.SZ,0.3608089338016291,5,0
20260408,002348.SZ,0.3300458926596719,6,0
20260408,000919.SZ,0.3033115456867552,7,0
20260408,605162.SH,0.2834986011787545,8,0
20260408,600654.SH,0.24832237437298726,9,0
20260408,002957.SZ,0.247952254594386,10,0
20260409,603950.SH,0.8280481519467157,1,1
20260409,603777.SH,0.5751534412445306,2,1
20260409,000889.SZ,0.42762778713583643,3,1
20260409,600743.SH,0.3456511894773144,4,1
20260409,603306.SH,0.27934305701810985,5,0
20260409,605318.SH,0.25144316128870237,6,0
20260409,002342.SZ,0.22876314971670475,7,0
20260409,603757.SH,0.2280391582536794,8,0
20260409,002975.SZ,0.21108858562948823,9,0
20260409,002213.SZ,0.1864262487323256,10,0
20260409,002536.SZ,0.18302903019477912,11,0
20260409,002384.SZ,0.17536165275392882,12,0
20260410,002364.SZ,0.5901777054326767,1,1
20260410,000889.SZ,0.5687366423032516,2,0
20260410,002328.SZ,0.42172317589151814,3,0
20260410,603777.SH,0.40577390091737736,4,0
20260410,603950.SH,0.3894005599194364,5,1
20260410,600707.SH,0.2640421129706844,6,0
20260410,002824.SZ,0.21322917628308108,7,0
20260410,002962.SZ,0.17091180211353532,8,0
20260410,600345.SH,0.1483176342873703,9,0
20260410,603773.SH,0.13469748695340805,10,0
20260410,002580.SZ,0.12235145627135714,11,1
20260413,002364.SZ,0.5031431382333331,1,1
20260413,002580.SZ,0.3945379828355264,2,1
20260413,002418.SZ,0.34263802674077987,3,0
20260413,001299.SZ,0.25058601933943314,4,1
20260413,605255.SH,0.10527212928925378,5,0
20260414,002297.SZ,0.565218053957017,1,1
20260414,001299.SZ,0.40824003355605426,2,0
20260414,002124.SZ,0.3374810323196277,3,1
20260414,600396.SH,0.27124366606388106,4,0
20260414,600152.SH,0.24202542911136107,5,0
20260414,002980.SZ,0.1316812567192805,6,1
20260415,002297.SZ,0.7151020979793034,1,1
20260415,002124.SZ,0.4504101392778567,2,0
20260415,600664.SH,0.2775822884566028,3,0
20260415,002051.SZ,0.2706035087148684,4,0
20260415,002990.SZ,0.25494527064489736,5,1
20260415,000889.SZ,0.23398781157350504,6,0
20260415,603698.SH,0.22697306626138206,7,0
20260415,600605.SH,0.1617983576040349,8,0
20260415,603629.SH,0.11578856710415289,9,0
20260416,002990.SZ,0.35845411328818605,1,1
20260416,605388.SH,0.3399865784447819,2,1
20260416,600683.SH,0.274602040138825,3,1
20260416,603687.SH,0.20629454225592037,4,0
20260416,002033.SZ,0.18096366759543955,5,0
20260416,002468.SZ,0.15147633920275438,6,0
20260417,600961.SH,0.6811273554980816,1,1
20260417,600683.SH,0.5615978697178987,2,0
20260417,605388.SH,0.5157514160147648,3,0
20260417,002802.SZ,0.3083404133503174,4,0
20260417,600156.SH,0.26629025521805666,5,1
20260417,603315.SH,0.210248385024908,6,0
20260417,002940.SZ,0.1788386048009007,7,0
20260417,603052.SH,0.1412158196042785,8,1
20260420,600961.SH,0.6388673752066945,1,1
20260420,600330.SH,0.5897807245713736,2,0
20260420,002418.SZ,0.46760080667434084,3,0
20260420,600156.SH,0.4569385835559786,4,0
20260420,002217.SZ,0.3868278142848302,5,0
20260420,600707.SH,0.3623074456461062,6,0
20260420,002081.SZ,0.35330765696538996,7,1
20260420,600234.SH,0.2445724416546106,8,0
20260420,603773.SH,0.2280838449635295,9,0
20260420,603178.SH,0.16460861066297475,10,1
20260420,003018.SZ,0.16139466896183088,11,1
20260420,001400.SZ,0.1251019048396738,12,0
20260420,603052.SH,0.12142499459618905,13,0
20260420,002428.SZ,0.10337063855164863,14,0
20260421,002081.SZ,0.5270702955100153,1,1
20260421,603178.SH,0.43398397558051904,2,0
20260421,003018.SZ,0.399107612982003,3,1
20260421,603017.SH,0.3679170606106461,4,0
20260421,600103.SH,0.2405087493205988,5,0
20260421,600979.SH,0.19050335013126468,6,0
20260421,002361.SZ,0.1690237736763063,7,0
20260422,605365.SH,0.33880586628930176,1,0
20260422,603115.SH,0.2930507005309907,2,0
20260422,600736.SH,0.2739528996680359,3,1
20260422,600396.SH,0.26647383399905167,4,1
20260422,002201.SZ,0.24271683386690435,5,0
20260423,600736.SH,0.6765987405629922,1,0
20260423,603318.SH,0.49278455456973236,2,1
20260423,600396.SH,0.38763386867045474,3,0
20260423,601512.SH,0.35325741000338695,4,0
20260423,001234.SZ,0.33898937695198383,5,1
20260423,600052.SH,0.3341727075735478,6,0
20260423,603618.SH,0.18800929856970497,7,0
20260424,603318.SH,0.6417674634904125,1,1
20260424,001234.SZ,0.42053034141968937,2,0
20260424,000925.SZ,0.3384469349195403,3,1
20260424,002787.SZ,0.3355058334360197,4,0
20260424,603060.SH,0.297951024175749,5,0
20260424,600726.SH,0.29358690642810414,6,1
20260424,600770.SH,0.29317340804295994,7,0
20260424,603390.SH,0.20223079801810198,8,0
20260427,000925.SZ,0.7047419138378934,1,0
20260427,600726.SH,0.50024300960459,2,1
20260427,003036.SZ,0.4647909522492102,3,0
20260427,001211.SZ,0.248974503455556,4,0
20260427,600152.SH,0.2258787980563105,5,1
20260427,000062.SZ,0.20701412968799604,6,0
20260427,600338.SH,0.15066935279719554,7,0
20260428,600152.SH,0.424641740272777,1,0
20260428,603095.SH,0.36885259780153407,2,1
20260428,002210.SZ,0.2907827486542014,3,1
20260428,603931.SH,0.2838084143751581,4,0
20260428,605287.SH,0.16944694035358068,5,0
20260428,605289.SH,0.14975666878907007,6,0
20260428,002902.SZ,0.1415823314944963,7,0
20260428,000593.SZ,0.12244476024642323,8,0
20260429,600156.SH,0.4748476638144094,1,0
20260429,001266.SZ,0.4419422349217043,2,0
20260429,002210.SZ,0.4189812709158313,3,0
20260429,002652.SZ,0.3464622214655208,4,0
20260429,002081.SZ,0.3217297939158345,5,1
20260429,603399.SH,0.30515753182130123,6,1
20260429,603629.SH,0.2733395506391408,7,1
20260429,600379.SH,0.2529800624145394,8,1
20260429,603095.SH,0.2511933746965954,9,1
20260429,605168.SH,0.2364712730211676,10,0
20260429,603317.SH,0.17076148334181557,11,0
20260430,603399.SH,0.6061115738090701,1,1
20260430,000402.SZ,0.34315806650633673,2,1
20260430,600379.SH,0.3355860210919249,3,1
20260430,002805.SZ,0.31981117836930484,4,1
20260430,002081.SZ,0.3121202814658007,5,1
20260430,605099.SH,0.3023063978074521,6,0
20260430,000567.SZ,0.28204622405618257,7,0
20260430,605299.SH,0.25877660884334613,8,0
20260430,600714.SH,0.22766320339565052,9,0
20260430,603937.SH,0.21413675198265747,10,1
20260430,002645.SZ,0.19907561198721682,11,0
20260430,002842.SZ,0.16017450085714538,12,0
20260430,002192.SZ,0.12839871081455295,13,0
20260506,000066.SZ,0.6007451249104985,1,1
20260506,002640.SZ,0.5273620008013002,2,0
20260506,603937.SH,0.40517625807124974,3,0
20260506,000402.SZ,0.40109683613908637,4,0
20260506,002453.SZ,0.3207106433417732,5,0
20260506,002158.SZ,0.2838124526727073,6,0
20260506,001316.SZ,0.2799588863452687,7,0
20260506,002989.SZ,0.27224593229653443,8,0
20260506,000783.SZ,0.2679821223673774,9,0
20260506,000553.SZ,0.25025571720824874,10,0
20260506,002805.SZ,0.24566186499350032,11,0
20260506,002181.SZ,0.22091818565940866,12,0
20260506,603045.SH,0.16350386259370916,13,1
20260506,002149.SZ,0.13506025462872606,14,0
20260507,603045.SH,0.6582530110477189,1,1
20260507,600396.SH,0.4747455955643982,2,0
20260507,601991.SH,0.4733199742032852,3,1
20260507,002217.SZ,0.44568528206106545,4,0
20260507,600673.SH,0.40457908675562737,5,0
20260507,600130.SH,0.3424435150506359,6,1
20260507,603158.SH,0.3366668122587078,7,0
20260507,000889.SZ,0.3352577470948617,8,0
20260507,603278.SH,0.3335005950531374,9,1
20260507,600719.SH,0.3181466587409042,10,0
20260507,000066.SZ,0.301825575047803,11,0
20260507,603618.SH,0.251967147080612,12,1
20260507,000818.SZ,0.22852329040743088,13,0
20260507,000967.SZ,0.2082507595756224,14,0
20260507,002903.SZ,0.18205407934978196,15,0
20260507,603316.SH,0.16507943392252158,16,0
20260507,603256.SH,0.16413078187392677,17,0
20260507,003041.SZ,0.1444776759952542,18,0
20260508,600130.SH,0.5201780291661108,1,0
20260508,603636.SH,0.5148409660331048,2,0
20260508,600936.SH,0.4924696319209054,3,0
20260508,603278.SH,0.44319919029161814,4,0
20260508,605006.SH,0.3999851571561689,5,1
20260508,601991.SH,0.3722261471026465,6,1
20260508,002655.SZ,0.3209694164099075,7,0
20260508,002930.SZ,0.28183596926912874,8,0
20260508,603738.SH,0.27428390148641707,9,1
20260508,002031.SZ,0.2581690204196886,10,0
20260508,002317.SZ,0.2511182375177313,11,0
20260508,002552.SZ,0.24394883244996896,12,1
20260508,603618.SH,0.24322410957905632,13,0
20260508,000720.SZ,0.22569846264557408,14,0
20260508,002491.SZ,0.19477241108451201,15,1
20260508,603459.SH,0.13326284203330496,16,1
20260508,002929.SZ,0.09451450967889524,17,0
20260511,600076.SH,0.5413609666064768,1,1
20260511,002918.SZ,0.5412176429286949,2,1
20260511,600530.SH,0.5290383652601321,3,1
20260511,605006.SH,0.49623064513562815,4,0
20260511,603459.SH,0.4681645494338267,5,0
20260511,600748.SH,0.4278706698516034,6,0
20260511,600545.SH,0.388898424558918,7,0
20260511,002491.SZ,0.33595183243427224,8,1
20260511,600078.SH,0.3229820654063976,9,0
20260511,002552.SZ,0.32152069347737083,10,1
20260511,603738.SH,0.2733115635492405,11,0
20260511,002030.SZ,0.25703801985520813,12,0
20260511,600234.SH,0.2437548395883016,13,0
20260511,600683.SH,0.24124158924565067,14,1
20260511,605189.SH,0.20245811402034292,15,0
20260511,002865.SZ,0.10097371211421886,16,0
20260511,002281.SZ,0.09723136279562364,17,0
20260512,001259.SZ,0.7609446373584484,1,1
20260512,002918.SZ,0.723577580409095,2,1
20260512,600076.SH,0.5171608022448076,3,0
20260512,600396.SH,0.4611288982786011,4,1
20260512,600530.SH,0.4366457718864272,5,1
20260512,603269.SH,0.2971204851021697,6,0
20260512,600683.SH,0.2781770254846788,7,0
20260512,600869.SH,0.25836722874390805,8,0
20260512,000672.SZ,0.24994052363764938,9,0
20260512,600488.SH,0.24257128102214257,10,0
20260512,001211.SZ,0.2294930339393595,11,0
20260512,000029.SZ,0.22656519888377338,12,0
20260512,600172.SH,0.19178929935186848,13,1
20260513,001259.SZ,0.7742545934149175,1,1
20260513,603007.SH,0.6930578836502204,2,1
20260513,603070.SH,0.6586953424957471,3,0
20260513,000601.SZ,0.49841265270929325,4,0
20260513,603052.SH,0.4221384029690283,5,1
20260513,600396.SH,0.4181280851145911,6,0
20260513,000767.SZ,0.39224838601282563,7,0
20260513,002498.SZ,0.2964378125039018,8,0
20260513,600172.SH,0.2744693001110299,9,0
20260513,000925.SZ,0.2530137215056386,10,0
20260513,002208.SZ,0.21244088944617423,11,1
20260513,603203.SH,0.1445558590489569,12,0
20260514,603779.SH,0.8223785990522422,1,1
20260514,600156.SH,0.7576200757945687,2,0
20260514,603007.SH,0.6179116185252403,3,0
20260514,600857.SH,0.3778167528239216,4,0
20260514,600578.SH,0.3771197532643378,5,1
20260514,002208.SZ,0.31385815755554464,6,0
20260514,600903.SH,0.271607710577934,7,0
20260514,603093.SH,0.24354600899032322,8,0
20260514,001210.SZ,0.21015069677992448,9,0
20260514,603052.SH,0.18373666526881374,10,0
20260514,002940.SZ,0.15640690077850963,11,0
20260514,002782.SZ,0.15331389685812935,12,0
20260514,001223.SZ,0.1257047728718151,13,0
20260515,603779.SH,0.7337385791780583,1,1
20260515,600578.SH,0.3747636605869998,2,1
20260515,603082.SH,0.2324331954811161,3,1
20260515,003018.SZ,0.19946125994850533,4,1
20260515,002971.SZ,0.1621603607944499,5,0
20260518,601133.SH,0.36160871183323284,1,0
20260518,002374.SZ,0.3493474056017387,2,0
20260518,002421.SZ,0.27252937797453997,3,1
20260518,603082.SH,0.2558675864457224,4,1
20260518,003018.SZ,0.23254402670416394,5,0
20260518,601678.SH,0.2091998968745517,6,0
20260519,002421.SZ,0.6336638765424298,1,1
20260519,000417.SZ,0.5585901943067089,2,1
20260519,600903.SH,0.4694541781267422,3,0
20260519,600758.SH,0.41890453785137644,4,0
20260519,603206.SH,0.4044770516812702,5,0
20260519,605218.SH,0.3682722047470614,6,0
20260519,603938.SH,0.32468482389780096,7,1
20260519,603316.SH,0.30082011929856806,8,1
20260519,002552.SZ,0.2930336908120263,9,0
20260519,603311.SH,0.2863241738894927,10,0
20260519,603989.SH,0.2648190928559861,11,0
20260519,600850.SH,0.2507118701399169,12,0
20260519,603115.SH,0.22804333275386135,13,0
20260519,002208.SZ,0.21896560820344543,14,0
20260519,002272.SZ,0.20104437278338,15,1
20260520,000417.SZ,0.500799450966799,1,0
20260520,603316.SH,0.4534012346797913,2,1
20260520,603938.SH,0.381991014649788,3,0
20260520,002272.SZ,0.3683275923876562,4,0
20260520,002782.SZ,0.24586505243891071,5,0
20260520,600563.SH,0.18041820305793002,6,0
20260520,605288.SH,0.12176046329426103,7,0
20260521,600611.SH,0.3336718590762879,1,1
20260521,002442.SZ,0.20023895695168234,2,1
20260522,603661.SH,0.6822668352437956,1,1
20260522,600303.SH,0.5597299334300135,2,0
20260522,600611.SH,0.556260098878355,3,0
20260522,000518.SZ,0.536937706862921,4,1
20260522,002442.SZ,0.4861530391117168,5,0
20260522,000012.SZ,0.27405499935234207,6,0
20260522,000725.SZ,0.26003334111839,7,0
20260522,002036.SZ,0.1565018623725722,8,0
20260522,001225.SZ,0.14567968984806262,9,0
20260522,002931.SZ,0.11108696322897749,10,0
20260525,603661.SH,0.5881298576204955,1,0
20260525,600503.SH,0.5215145758457955,2,0
20260525,000636.SZ,0.4996409111052069,3,0
20260525,002421.SZ,0.4914240829097428,4,0
20260525,002585.SZ,0.4508376537075962,5,1
20260525,000518.SZ,0.4340564147627393,6,0
20260525,600539.SH,0.3606257842090101,7,0
20260525,600186.SH,0.3300219547421217,8,0
20260525,600172.SH,0.31759035198694513,9,1
20260525,603001.SH,0.28114958652584554,10,0
20260525,603936.SH,0.2787754515427325,11,0
20260525,605580.SH,0.27046138443499346,12,0
20260525,603663.SH,0.2632933719458624,13,0
20260525,002552.SZ,0.253467957310265,14,1
20260525,002980.SZ,0.23397478695109322,15,0
20260525,600234.SH,0.2324541326506504,16,0
20260525,603256.SH,0.22292920860853288,17,0
20260525,002897.SZ,0.2132831763712353,18,0
20260525,002938.SZ,0.20755278717314132,19,0
20260525,002432.SZ,0.1948501837989629,20,0
20260525,002741.SZ,0.19087095430435227,21,0
20260525,002975.SZ,0.18657548078356825,22,0
20260525,000510.SZ,0.18277123348184124,23,1
20260526,600162.SH,0.6269655705169992,1,1
20260526,002388.SZ,0.5209749909002259,2,0
20260526,600520.SH,0.37064830258660897,3,0
20260526,000509.SZ,0.35147947135785323,4,1
20260526,600726.SH,0.2807395928084222,5,1
20260526,002585.SZ,0.24952484842980774,6,0
20260526,002552.SZ,0.24708825644617793,7,0
20260526,600172.SH,0.24638598499520215,8,0
20260526,000510.SZ,0.23214117197130663,9,0
20260526,002185.SZ,0.16617598209052017,10,0
20260526,003036.SZ,0.13536812807741147,11,0
20260526,002957.SZ,0.1154097647064686,12,0
20260526,600584.SH,0.10532170434745701,13,0
20260527,600726.SH,0.44903102200930367,1,1
20260527,000509.SZ,0.28745469184931294,2,1
20260527,600162.SH,0.2868237951572797,3,1
20260527,000759.SZ,0.27992966382135437,4,0
20260527,002251.SZ,0.25341235986112426,5,0
20260527,002579.SZ,0.24446662818926435,6,1
20260527,001257.SZ,0.17312729514675812,7,0
20260527,002771.SZ,0.15699203002031747,8,0
20260528,603032.SH,0.28885268527638897,1,0
20260528,000539.SZ,0.2813850348308501,2,1
20260528,002579.SZ,0.2631822987631952,3,0
20260528,603011.SH,0.24057429686256587,4,1
20260528,603989.SH,0.23773348901882252,5,0
20260529,000539.SZ,0.5013157535323316,1,1
20260529,603011.SH,0.4340660628843866,2,1
20260529,000090.SZ,0.29875523739596904,3,0
20260529,603324.SH,0.26371532631767736,4,0
20260529,002806.SZ,0.20961488719692406,5,0
20260529,600110.SH,0.19257500913978748,6,0
20260529,002995.SZ,0.13101293140540485,7,1
20260601,603890.SH,0.6612182018556164,1,1
20260601,600280.SH,0.40686182060697135,2,1
20260601,000767.SZ,0.37194667255977937,3,0
20260601,002995.SZ,0.3003334233394694,4,0
20260601,600011.SH,0.25936106341122367,5,0
20260601,000037.SZ,0.2246860861520778,6,0
20260601,002608.SZ,0.2111818432452276,7,0
20260601,002081.SZ,0.19296752336544948,8,0
20260602,603890.SH,0.6144717923365458,1,0
20260602,600403.SH,0.4914602415133204,2,1
20260602,000055.SZ,0.43160555414099055,3,0
20260602,603330.SH,0.41380438634392336,4,1
20260602,600121.SH,0.39762758366406886,5,1
20260602,002421.SZ,0.3929297410503918,6,0
20260602,002404.SZ,0.34931225475567534,7,0
20260602,600280.SH,0.31599558518389487,8,0
20260602,600367.SH,0.2837622754384161,9,1
20260602,603678.SH,0.24203367063899,10,0
20260602,603045.SH,0.22249832905667793,11,0
20260602,002579.SZ,0.2053328893987772,12,0
20260602,001210.SZ,0.20520328514855946,13,0
20260602,002951.SZ,0.1511992498268749,14,0
20260602,600301.SH,0.15072781911673647,15,0
20260603,603330.SH,0.6903075740034056,1,1
20260603,600255.SH,0.6773044721493932,2,1
20260603,600367.SH,0.45928707020490606,3,1
20260603,600403.SH,0.44750323222840765,4,1
20260603,002137.SZ,0.4315011965454727,5,0
20260603,600121.SH,0.3603357112017472,6,0
20260603,600936.SH,0.3091299600677572,7,0
20260603,603311.SH,0.28435073416722567,8,0
20260603,600487.SH,0.24267619095945386,9,0
20260603,000700.SZ,0.14296307447568604,10,0
20260604,600688.SH,0.5090283475478907,1,0
20260604,600439.SH,0.3634099743560585,2,0
20260604,605162.SH,0.32347278619870734,3,0
20260604,603135.SH,0.31221537244899694,4,1
20260604,600255.SH,0.2906704034819563,5,0
20260604,001896.SZ,0.2183464043266368,6,0
20260604,002787.SZ,0.19315577082164198,7,0
20260605,603500.SH,0.6582964622145309,1,1
20260605,603135.SH,0.3851773924963168,2,1
20260605,000520.SZ,0.3592203413379984,3,0
20260605,600293.SH,0.2722859262513931,4,0
20260605,003036.SZ,0.11967393250903688,5,0
20260608,000517.SZ,0.43909924687543306,1,0
20260608,002354.SZ,0.4181948243952815,2,1
20260608,002613.SZ,0.40196447755281445,3,0
20260608,000068.SZ,0.3940407959965597,4,0
20260608,603500.SH,0.3795974400036896,5,0
20260608,603823.SH,0.3373046881804915,6,0
20260608,002421.SZ,0.29969965891491984,7,0
20260608,000759.SZ,0.2557665148273411,8,0
20260608,002254.SZ,0.24684179759514013,9,1
20260608,603859.SH,0.20340745811412111,10,0
20260608,003009.SZ,0.1457741278759037,11,0
20260608,002361.SZ,0.12542197577403666,12,0
20260609,002354.SZ,0.3019874335167623,1,1
20260609,002254.SZ,0.28424039698768677,2,0
20260609,002636.SZ,0.19055262358057198,3,1
20260609,002747.SZ,0.18426739541973802,4,0
20260609,002362.SZ,0.18230055025297429,5,0
20260609,603929.SH,0.16791353522664196,6,0
20260609,001696.SZ,0.16253572646026004,7,0
20260609,603186.SH,0.13787236026261293,8,0
20260610,600500.SH,0.7641425488828094,1,1
20260610,603065.SH,0.6847286967522115,2,0
20260610,605589.SH,0.6017631888724965,3,0
20260610,605006.SH,0.3142914310789881,4,0
20260610,002585.SZ,0.3120851956938904,5,0
20260610,002971.SZ,0.30523446571157564,6,1
20260610,000029.SZ,0.29233906718130054,7,0
20260610,605318.SH,0.2510363289982473,8,0
20260610,000048.SZ,0.22777167191548958,9,1
20260610,002636.SZ,0.22295476299654549,10,0
20260610,003026.SZ,0.2078516212283547,11,0
20260610,603002.SH,0.19913070437113992,12,0
20260610,003043.SZ,0.15936294699144907,13,0
20260610,002669.SZ,0.14286554827877845,14,0
20260611,600500.SH,0.665062106727031,1,1
20260611,600665.SH,0.5370644672831111,2,0
20260611,000048.SZ,0.32665931819302,3,0
20260611,600178.SH,0.31330297107905003,4,0
20260611,002971.SZ,0.2511212225141556,5,1
20260611,603155.SH,0.19932121972278097,6,0
20260611,002165.SZ,0.19463373461506883,7,0
20260611,002119.SZ,0.18743117870477213,8,0
20260611,600378.SH,0.15247686028144988,9,0
20260611,002409.SZ,0.07477371173530475,10,0
20260612,601958.SH,0.6118431615647417,1,1
20260612,600067.SH,0.5252541959171436,2,0
20260612,001257.SZ,0.5038403550847054,3,1
20260612,603014.SH,0.2811924097948577,4,0
20260612,002203.SZ,0.17064505411118852,5,0
20260612,000510.SZ,0.1650307637205657,6,1
20260612,000032.SZ,0.16322913941192146,7,1
20260615,603335.SH,0.7700826901354447,1,0
20260615,000510.SZ,0.5724792553320217,2,0
20260615,000032.SZ,0.3552682705098942,3,1
20260615,001257.SZ,0.3406542770934502,4,1
20260615,601958.SH,0.25858040016154504,5,0
20260615,000506.SZ,0.2492605167566535,6,0
20260615,601696.SH,0.2135001381981924,7,0
20260615,603738.SH,0.1252797338156529,8,0
20260615,605198.SH,0.12182874906071063,9,1
20260615,001359.SZ,0.09056277253217039,10,0
20260616,600353.SH,0.7247889557289231,1,1
20260616,600110.SH,0.6611612938265158,2,1
20260616,002741.SZ,0.6355133390508899,3,1
20260616,000777.SZ,0.584963543349608,4,1
20260616,002585.SZ,0.44432145067904194,5,0
20260616,002515.SZ,0.4442339572368922,6,0
20260616,002552.SZ,0.4326607312741087,7,0
20260616,601636.SH,0.3928540727253758,8,1
20260616,002824.SZ,0.3656114332411897,9,0
20260616,600545.SH,0.36308387115922297,10,0
20260616,603115.SH,0.35619320372397534,11,1
20260616,603186.SH,0.3507571904814506,12,1
20260616,603618.SH,0.34622180249849704,13,1
20260616,603002.SH,0.33085514029785634,14,1
20260616,600549.SH,0.30047820198778674,15,0
20260616,601179.SH,0.27585006507659077,16,0
20260616,603407.SH,0.2629685359611983,17,0
20260616,605289.SH,0.25493878302865547,18,0
20260616,603516.SH,0.252980474505767,19,0
20260616,603045.SH,0.22692346577372208,20,0
20260616,600703.SH,0.22010489535465794,21,0
20260616,002851.SZ,0.21993118147861682,22,0
20260616,603256.SH,0.18929463437599517,23,0
20260616,002990.SZ,0.1889552738439962,24,0
20260616,002806.SZ,0.18530619777759655,25,0
20260616,002080.SZ,0.18209587362365162,26,1
20260616,605198.SH,0.15734697606064252,27,0
20260617,601636.SH,0.6870408221576516,1,0
20260617,600110.SH,0.6543298744264229,2,0
20260617,600353.SH,0.4216067548207124,3,1
20260617,600186.SH,0.372701529489499,4,0
20260617,600615.SH,0.3122811030702454,5,0
20260617,600192.SH,0.3097293544602211,6,0
20260617,603002.SH,0.30917976161717864,7,0
20260617,002741.SZ,0.28597207819946635,8,0
20260617,603618.SH,0.2672417158872004,9,0
20260617,603773.SH,0.24298643210512225,10,0
20260617,600397.SH,0.2381933673435916,11,1
20260617,000777.SZ,0.2323579699112631,12,0
20260617,603989.SH,0.2275121557631676,13,1
20260617,000679.SZ,0.22343122081733838,14,0
20260617,002141.SZ,0.21737837471918436,15,1
20260617,603115.SH,0.20265058511430295,16,0
20260617,002989.SZ,0.12244843226240397,17,1
20260617,603186.SH,0.12166692729796218,18,0
20260617,002080.SZ,0.12151743114228107,19,0
20260618,000811.SZ,0.5583612849864154,1,1
20260618,002141.SZ,0.4735274643657674,2,0
20260618,603989.SH,0.44248762159774363,3,1
20260618,603261.SH,0.34971435323695144,4,0
20260618,002491.SZ,0.34632918155215947,5,0
20260618,002989.SZ,0.31913019940681664,6,0
20260618,002579.SZ,0.30083178788170717,7,0
20260618,600397.SH,0.2839051174974538,8,1
20260618,603324.SH,0.18420780593394656,9,0
20260618,001339.SZ,0.10164732175380349,10,0
20260622,603407.SH,0.766057135510663,1,1
20260622,002674.SZ,0.7535618431953588,2,1
20260622,002167.SZ,0.6937517734639717,3,1
20260622,600162.SH,0.5594051096053302,4,0
20260622,002297.SZ,0.4862037538646223,5,0
20260622,002354.SZ,0.3619161982856504,6,0
20260622,603082.SH,0.33947049439534127,7,0
20260622,600769.SH,0.3294956461689448,8,0
20260622,600851.SH,0.3213955589651063,9,1
20260622,000657.SZ,0.29587166661335057,10,0
20260622,603663.SH,0.2780252364806394,11,0
20260622,000811.SZ,0.264820586195084,12,0
20260622,603380.SH,0.24293351660784057,13,0
20260622,002805.SZ,0.22923451043011342,14,0
20260622,003031.SZ,0.20999940952568527,15,0
20260622,001296.SZ,0.2001094083749465,16,0
20260622,002068.SZ,0.18237480961047364,17,1
20260622,002655.SZ,0.17408693653082316,18,0
20260622,002842.SZ,0.16117076051681145,19,0
20260623,002674.SZ,0.7914989821181255,1,1
20260623,600400.SH,0.5619470845806561,2,0
20260623,605069.SH,0.5352061881700106,3,1
20260623,600322.SH,0.49628605246087876,4,0
20260623,002167.SZ,0.4883423076063959,5,1
20260623,002672.SZ,0.4275728828751496,6,0
20260623,600851.SH,0.38658945542315215,7,0
20260623,603757.SH,0.3704578356388101,8,0
20260623,002068.SZ,0.3436389990386502,9,0
20260623,000783.SZ,0.3172220867529363,10,0
20260623,605580.SH,0.2758253915875942,11,0
20260623,600470.SH,0.2544018500839209,12,0
20260623,000070.SZ,0.23751504929724954,13,0
20260623,000571.SZ,0.23656445745500337,14,0
20260623,600172.SH,0.1877697839516796,15,0
20260623,002830.SZ,0.17815287965234694,16,0
20260623,603407.SH,0.1622071492551115,17,1
20260623,603938.SH,0.15861196072966288,18,1
20260623,601869.SH,0.10509958029644355,19,0
20260624,002584.SZ,0.6378613504100886,1,0
20260624,605069.SH,0.4687321697467241,2,0
20260624,000566.SZ,0.36440781952665713,3,0
20260624,002687.SZ,0.28044517251012485,4,0
20260624,605366.SH,0.23936779896992413,5,1
20260624,600379.SH,0.21659549695360733,6,0
20260624,002631.SZ,0.16712963205291803,7,0
20260624,002580.SZ,0.16257982938698895,8,0
20260624,603938.SH,0.1354637860465315,9,0
20260625,600667.SH,0.6707960947184315,1,0
20260625,605366.SH,0.6280983011800969,2,1
20260625,603989.SH,0.45878764828238405,3,0
20260625,002303.SZ,0.4409436512341117,4,0
20260625,603929.SH,0.4349160768354105,5,0
20260625,603678.SH,0.41687410714712775,6,0
20260625,000823.SZ,0.35391151084564804,7,1
20260625,600584.SH,0.3444470165369009,8,0
20260625,000818.SZ,0.2837506152815254,9,0
20260625,603713.SH,0.2777984182862045,10,0
20260625,600141.SH,0.27469798638796994,11,0
20260625,002080.SZ,0.2598745235092038,12,0
20260625,002990.SZ,0.24669682681816776,13,0
20260625,002254.SZ,0.1961590924938024,14,0
20260625,002025.SZ,0.17907614687466425,15,0
20260626,600228.SH,0.8598995765092012,1,0
20260626,603956.SH,0.678306780221535,2,1
20260626,000823.SZ,0.33613621875119376,3,0
20260626,600962.SH,0.30522266626468164,4,0
20260626,002141.SZ,0.28672422527873326,5,0
20260626,002965.SZ,0.21692562351068473,6,0
20260629,603956.SH,0.40354372317226067,1,0
20260629,603928.SH,0.30274622604309137,2,1
20260629,601133.SH,0.2375675070757277,3,0
20260629,603155.SH,0.2077904312489823,4,0
20260629,603650.SH,0.18239270272081942,5,0
20260629,002568.SZ,0.17059723648871414,6,0
20260629,603163.SH,0.13436020121118358,7,0
20260629,002180.SZ,0.13394339697690405,8,0
20260630,002638.SZ,0.6134451134779816,1,0
20260630,603222.SH,0.43245204380769287,2,0
20260630,603928.SH,0.3803278810887454,3,0
20260630,603950.SH,0.3536366914747093,4,0
20260630,000017.SZ,0.343403274494957,5,0
20260630,001229.SZ,0.3403556288386202,6,0
20260630,603459.SH,0.3395183096025061,7,0
20260630,603033.SH,0.3211793380470833,8,0
20260630,002628.SZ,0.3190963852080965,9,0
20260630,000566.SZ,0.3132661629890827,10,1
20260630,600113.SH,0.2999682802277589,11,1
20260630,603983.SH,0.27767514053706766,12,0
20260630,600378.SH,0.26603861694279946,13,0
20260630,003043.SZ,0.20400981444821376,14,0
20260630,603061.SH,0.20394989135002325,15,0
20260630,600363.SH,0.1953174329826714,16,0
20260630,001237.SZ,0.17278270202442386,17,0
20260630,002208.SZ,0.14787659504213735,18,0
20260630,002407.SZ,0.13929389343812953,19,1
20260701,002273.SZ,0.5135318090518022,1,0
20260701,600076.SH,0.48270377153921584,2,0
20260701,000620.SZ,0.43885755627709117,3,0
20260701,002407.SZ,0.3300447880229388,4,0
20260701,002053.SZ,0.2761059684157784,5,0
20260701,600113.SH,0.24375806751207696,6,0
20260701,002167.SZ,0.22921645006927385,7,0
20260701,603120.SH,0.2232524764569264,8,0
20260701,002747.SZ,0.2221449701745571,9,0
20260701,600783.SH,0.2187720147279936,10,0
20260701,002738.SZ,0.21169113822631455,11,0
20260701,000566.SZ,0.1992766020181861,12,1
20260701,603212.SH,0.19554909554377772,13,0
20260701,600641.SH,0.1813825216703683,14,1
20260701,002396.SZ,0.16100927153098896,15,0
20260701,002929.SZ,0.1412638065127914,16,0
20260701,603991.SH,0.13990494332314646,17,0
20260701,001331.SZ,0.13703994793487595,18,0
20260701,000603.SZ,0.10569310590310431,19,0
20260702,603137.SH,0.884243380883785,1,1
20260702,600793.SH,0.45978788139706794,2,1
20260702,000520.SZ,0.3361507086262331,3,0
20260702,000536.SZ,0.33210267207421534,4,0
20260702,603538.SH,0.3109331143801627,5,0
20260702,002826.SZ,0.304904327684681,6,0
20260702,001313.SZ,0.2881116521417836,7,0
20260702,000601.SZ,0.28509775655433706,8,0
20260702,600641.SH,0.2707933600317798,9,0
20260702,002559.SZ,0.2667598190808906,10,0
20260702,002458.SZ,0.26377112138919495,11,0
20260702,605189.SH,0.26008613443746814,12,1
20260702,603505.SH,0.225829519002127,13,0
20260702,002971.SZ,0.21103887130370766,14,0
20260702,605488.SH,0.18035096328729638,15,0
20260703,603137.SH,0.7970265618189444,1,1
20260703,600793.SH,0.5589485674646587,2,1
20260703,605189.SH,0.4007739434690772,3,0
20260703,603717.SH,0.3856870750373088,4,0
20260703,000908.SZ,0.31557961244465843,5,0
20260703,002979.SZ,0.30983079273959635,6,0
20260703,000506.SZ,0.30102872087975235,7,0
20260703,000576.SZ,0.24877686669241586,8,0
20260703,600988.SH,0.24361555853139288,9,0
20260703,603580.SH,0.2380412010748679,10,0
20260703,001317.SZ,0.21650951970645094,11,0
20260703,603338.SH,0.17820882269155178,12,0
20260703,603286.SH,0.15771496017462322,13,0
20260706,002767.SZ,0.4083566985096299,1,0
20260706,002141.SZ,0.38661371890442375,2,0
20260706,000656.SZ,0.3398777253807197,3,0
20260706,603211.SH,0.2999997317805968,4,0
20260706,002396.SZ,0.20405550832003694,5,0
20260707,603861.SH,0.3024483703357133,1,0
20260707,600288.SH,0.23887893858290002,2,1
20260707,600246.SH,0.1744509914607022,3,0
20260708,001229.SZ,0.7110490531077974,1,0
20260708,600094.SH,0.40508963086370303,2,0
20260708,600288.SH,0.36545047142837805,3,0
20260708,002951.SZ,0.28410601723086726,4,0
20260708,002841.SZ,0.2047857391835836,5,1
20260708,001365.SZ,0.15335783358971108,6,0
20260709,603928.SH,0.2715543737592571,1,0
20260709,002490.SZ,0.211655514463554,2,0
20260709,002841.SZ,0.21155043332475326,3,0
20260709,000977.SZ,0.09815090076142789,4,0
20260710,000892.SZ,0.38352095856404783,1,0
20260710,603898.SH,0.3572885995371904,2,0
20260710,600992.SH,0.3041838828988035,3,1
20260710,003020.SZ,0.2953246422056773,4,1
20260710,001395.SZ,0.2298230009178019,5,1
20260710,002829.SZ,0.1818958715604621,6,0
20260710,002346.SZ,0.17489745010146462,7,0
20260710,000887.SZ,0.1703391607972904,8,0
20260710,002414.SZ,0.15090220041833363,9,0
20260713,600992.SH,0.6818167148844614,1,0
20260713,003020.SZ,0.4211143873572442,2,0
20260713,600664.SH,0.35111461653831705,3,1
20260713,001395.SZ,0.3345418727566332,4,0
20260713,600629.SH,0.2962403669346634,5,0
20260713,600513.SH,0.24975018432644955,6,0
20260713,601608.SH,0.22763799009866742,7,0
20260713,000920.SZ,0.18860811490649398,8,0
20260713,605090.SH,0.17828635094152773,9,0
20260714,603137.SH,0.3653027546068687,1,1
20260714,600664.SH,0.34114741216000016,2,1
20260714,001388.SZ,0.28580027308389244,3,1
20260714,603065.SH,0.24771854033625124,4,0
20260714,002379.SZ,0.19902446816016614,5,0
20260715,603580.SH,0.8883697990416971,1,1
20260715,002432.SZ,0.5268490194083628,2,0
20260715,600227.SH,0.4687964656609923,3,0
20260715,603137.SH,0.44366205662472996,4,0
20260715,600403.SH,0.4135695268498595,5,0
20260715,605028.SH,0.3795710982551711,6,0
20260715,600844.SH,0.35534204439507955,7,0
20260715,600829.SH,0.3194783772228513,8,0
20260715,002141.SZ,0.2960415713975558,9,0
20260715,605189.SH,0.288756734029041,10,0
20260715,600746.SH,0.28675245526884086,11,0
20260715,605255.SH,0.21396876552943886,12,0
20260715,001388.SZ,0.212064827478385,13,0
20260716,603580.SH,0.8601982750134184,1,1
20260716,600162.SH,0.3176297279198163,2,1
20260716,000566.SZ,0.3020227984705543,3,0
20260716,002739.SZ,0.24442165745902003,4,0
20260716,000504.SZ,0.24335931917536668,5,0
20260716,002365.SZ,0.23548559754912307,6,0
20260716,000676.SZ,0.22819008128231413,7,1
20260716,600785.SH,0.2276448586950037,8,0
20260717,001258.SZ,0.3712648321825096,1,1
20260717,603567.SH,0.36136408504283035,2,0
20260717,600162.SH,0.3478879805519256,3,0
20260717,000676.SZ,0.3037188658778387,4,0
20260717,002632.SZ,0.23331775338285013,5,0
20260717,002829.SZ,0.17161417911241791,6,0
20260720,600227.SH,0.5306114947873211,1,0
20260720,001258.SZ,0.4418252692972664,2,1
20260720,600722.SH,0.31415036454094014,3,0
20260720,600744.SH,0.25697172150724085,4,1
20260720,000722.SZ,0.23212289294282218,5,0
20260720,000037.SZ,0.20881905963885689,6,0
20260720,600644.SH,0.1935093754532381,7,0
20260720,600236.SH,0.18987473287700313,8,0
20260721,000889.SZ,0.39135088902230475,1,0
20260721,000815.SZ,0.33910864909679467,2,1
20260721,002036.SZ,0.31988232014177487,3,0
20260721,600744.SH,0.30197904000489967,4,1
20260722,603221.SH,0.8751035377873565,1,1
20260722,603407.SH,0.5950635920157665,2,0
20260722,002197.SZ,0.3584681442599258,3,1
20260722,000815.SZ,0.35553908190246925,4,1
20260722,603629.SH,0.32426770770660146,5,0
20260722,603118.SH,0.2905923537471235,6,0
20260722,002213.SZ,0.2639097249149518,7,0
20260722,002879.SZ,0.2181565049015568,8,1
20260722,000603.SZ,0.17877505456917644,9,1
20260723,603221.SH,0.9050110974168454,1,1
20260723,000595.SZ,0.7033012995263073,2,1
20260723,002879.SZ,0.4216279406376747,3,1
20260723,603619.SH,0.340049501625484,4,0
20260723,002197.SZ,0.3387659798755909,5,0
20260723,000603.SZ,0.29506219074379375,6,0
20260723,603988.SH,0.285097650984848,7,0
20260723,600396.SH,0.2804942790262206,8,0
20260723,605162.SH,0.27311111722634196,9,0
20260723,002412.SZ,0.26976955699913463,10,0
20260723,600722.SH,0.23315284243182816,11,0
20260723,002900.SZ,0.2280099697216105,12,0
20260724,000533.SZ,0.5532951433515351,1,1
20260724,600984.SH,0.39111158532143014,2,0
20260724,603956.SH,0.38421859303145045,3,0
20260724,000011.SZ,0.36726269881976087,4,0
20260724,002298.SZ,0.34726685821051667,5,0
20260724,000595.SZ,0.3411751860809185,6,0
20260724,002218.SZ,0.3244220174484538,7,0
20260724,600698.SH,0.3183579793100907,8,0
20260724,002300.SZ,0.2603597069240354,9,0
20260724,000668.SZ,0.2559498834644638,10,0
20260724,002498.SZ,0.2399468574231553,11,0
20260724,601606.SH,0.23596253154223015,12,1
20260724,002083.SZ,0.2099409351726921,13,0
20260724,003001.SZ,0.19669429945510652,14,0
20260727,600617.SH,0.593986392691246,1,0
20260727,002388.SZ,0.4171732441465543,2,1
20260727,000533.SZ,0.39782111142425536,3,1
20260727,601606.SH,0.2972975512880867,4,0
20260727,603690.SH,0.1385206328324637,5,0
20260728,002309.SZ,0.5947456158993417,1,0
20260728,000428.SZ,0.4676619197496993,2,1
20260728,000566.SZ,0.4085151442089709,3,0
20260728,002310.SZ,0.3976151040030037,4,0
20260728,605068.SH,0.37173515781021677,5,1
20260728,603358.SH,0.36959161699683163,6,0
20260728,003032.SZ,0.36399649957702374,7,1
20260728,603716.SH,0.362884886298034,8,0
20260728,002173.SZ,0.3622343928863739,9,0
20260728,002388.SZ,0.3273191764945002,10,0
20260728,600775.SH,0.31060290874895086,11,0
20260728,603389.SH,0.31044391595222876,12,0
20260728,001358.SZ,0.2985509458678914,13,1
20260728,002969.SZ,0.2869398913212528,14,0
20260729,003032.SZ,0.6367729811874234,1,1
20260729,000428.SZ,0.5285575926007862,2,0
20260729,605068.SH,0.4571051982818711,3,1
20260729,002212.SZ,0.36430782500521036,4,0
20260729,605179.SH,0.32404771068621085,5,1
20260729,001358.SZ,0.3211204048963129,6,0
20260729,002199.SZ,0.29310782160714766,7,0
20260729,600693.SH,0.18004955905000278,8,0
20260729,603400.SH,0.16784110395775678,9,0
20260729,603580.SH,0.1412382389772861,10,0
20260730,605179.SH,0.6884864880728804,1,1
20260730,002827.SZ,0.6274567854203368,2,1
20260730,601003.SH,0.5206336837084985,3,0
20260730,605388.SH,0.36728421574541337,4,0
20260730,600228.SH,0.3663759238056857,5,0
20260730,002882.SZ,0.23717840306030288,6,0
20260731,000009.SZ,0.4411521828961049,1,0
20260731,002827.SZ,0.3272099550673345,2,1
20260731,600162.SH,0.2159026319247798,3,0
20260731,603039.SH,0.19545371632699224,4,0
20260731,603171.SH,0.15240188955259698,5,0
20260803,000593.SZ,0.7141621819197366,1,1
20260803,603106.SH,0.48792944128467847,2,1
20260803,002963.SZ,0.47252428210169456,3,1
20260803,003001.SZ,0.4480580353503174,4,0
20260803,603682.SH,0.41617547112240866,5,0
20260803,000820.SZ,0.41135084732283694,6,1
20260803,002354.SZ,0.3879431982457064,7,1
20260803,000595.SZ,0.3509172355427927,8,1
20260803,603261.SH,0.34843101025255946,9,0
20260803,000967.SZ,0.343621204262543,10,0
20260803,001223.SZ,0.3202818034367589,11,0
20260803,000815.SZ,0.30420865615538023,12,1
20260803,002131.SZ,0.2985245575871156,13,0
20260803,002896.SZ,0.21932047484884137,14,0
20260804,000593.SZ,0.7916741066330987,1,1
20260804,605167.SH,0.6362240821101107,2,0
20260804,002421.SZ,0.5584581438765847,3,0
20260804,603106.SH,0.49061992851909286,4,0
20260804,000595.SZ,0.4898069286294042,5,0
20260804,000820.SZ,0.4699223609742097,6,0
20260804,000815.SZ,0.4691358644425403,7,0
20260804,002963.SZ,0.45259383652785845,8,1
20260804,603222.SH,0.4217709550409416,9,0
20260804,000533.SZ,0.30908379592283236,10,0
20260804,601700.SH,0.3031268675371085,11,1
20260804,002354.SZ,0.29397870680772925,12,0
20260804,002361.SZ,0.24451557781075975,13,0
20260804,601858.SH,0.2430682644171677,14,0
20260804,001229.SZ,0.22385500362538205,15,1
20260804,001331.SZ,0.21260796534949725,16,0
20260804,002792.SZ,0.18130193024054916,17,0
20260805,002425.SZ,0.784201361825481,1,1
20260805,600892.SH,0.536238938556509,2,1
20260805,002975.SZ,0.4306800366988678,3,1
20260805,603061.SH,0.4157018189941739,4,0
20260805,601700.SH,0.39158177004362726,5,1
20260805,600721.SH,0.37589456228499585,6,1
20260805,002957.SZ,0.3576991450063945,7,0
20260805,002579.SZ,0.34805240103005036,8,0
20260805,002428.SZ,0.3447437046056191,9,1
20260805,003018.SZ,0.32127662694477005,10,0
20260805,002674.SZ,0.3184279980908111,11,0
20260805,000510.SZ,0.30106111443163064,12,0
20260805,002655.SZ,0.28434176936768124,13,0
20260805,002552.SZ,0.2746999604241162,14,1
20260805,603773.SH,0.23408927589579387,15,1
20260805,002348.SZ,0.2306018980715555,16,0
20260805,002990.SZ,0.227486643504505,17,0
20260805,603306.SH,0.22472408406385866,18,0
20260805,001267.SZ,0.224359856342483,19,1
20260805,603186.SH,0.22278240863055654,20,0
20260805,000811.SZ,0.21580562975452497,21,0
20260805,601208.SH,0.21514194786528268,22,0
20260805,002080.SZ,0.21364457089507644,23,0
20260805,002980.SZ,0.207196454583532,24,0
20260805,000962.SZ,0.20688406558167363,25,0
20260805,603115.SH,0.20233962815527765,26,0
20260805,603629.SH,0.1916579544765762,27,0
20260805,600397.SH,0.1897829294536738,28,1
20260806,002721.SZ,0.6795712529806721,1,0
20260806,002425.SZ,0.5197805380808634,2,0
20260806,600397.SH,0.5112003467361481,3,0
20260806,600892.SH,0.4651491921595878,4,0
20260806,600721.SH,0.4125343722197383,5,1
20260806,002649.SZ,0.3637666939875067,6,0
20260806,001267.SZ,0.27506699301418314,7,1
20260806,002552.SZ,0.2637050620880552,8,1
20260806,603988.SH,0.2430986526250675,9,0
20260806,002971.SZ,0.22628383765186533,10,1
20260806,600206.SH,0.19328389474074742,11,1
20260806,603078.SH,0.19251959168526162,12,0
20260806,603773.SH,0.15830503079671335,13,1
20260806,002428.SZ,0.13576364320947373,14,1
20260806,603823.SH,0.1329571382607064,15,0
20260806,002975.SZ,0.12353371195966661,16,0
20260807,002792.SZ,0.6385062750541214,1,0
20260807,600206.SH,0.40092719586763986,2,0
20260807,600272.SH,0.37384691783408786,3,1
20260807,002971.SZ,0.3544362017429244,4,0
20260807,002827.SZ,0.3500126925073684,5,1
20260807,002194.SZ,0.3361450369934154,6,0
20260807,600601.SH,0.14496709136820032,7,0
20260807,603228.SH,0.14436673308315578,8,0
20260810,600272.SH,0.6936307898910826,1,1
20260810,603758.SH,0.41093794150877994,2,1
20260810,600664.SH,0.3778228406519678,3,1
20260810,002827.SZ,0.3723867752480595,4,0
20260810,600641.SH,0.34015673460745127,5,0
20260810,002900.SZ,0.31833878272483446,6,0
20260810,002589.SZ,0.3154577521306039,7,0
20260810,000506.SZ,0.28465267865817134,8,0
20260810,002437.SZ,0.24629269776083992,9,0
20260811,000802.SZ,0.6554493433854494,1,1
20260811,603758.SH,0.6483714572984799,2,1
20260811,002329.SZ,0.5995278875791936,3,1
20260811,603797.SH,0.5675500154641209,4,0
20260811,600683.SH,0.41967162331253766,5,1
20260811,002248.SZ,0.41722073437111773,6,1
20260811,603188.SH,0.40574147473444216,7,0
20260811,600833.SH,0.3532684216023219,8,0
20260811,000859.SZ,0.3036254109181406,9,0
20260811,001258.SZ,0.2758541209757286,10,0
20260811,600664.SH,0.2439232353190166,11,0
20260811,605286.SH,0.19764357231980292,12,1
20260811,605179.SH,0.1783868988730673,13,1
20260812,600683.SH,0.7714443902636227,1,1
20260812,603887.SH,0.6576334845294614,2,1
20260812,605286.SH,0.6562413946669772,3,1
20260812,002047.SZ,0.47283238787871534,4,0
20260812,002229.SZ,0.4516825299202255,5,0
20260812,000802.SZ,0.4486282652001903,6,1
20260812,002248.SZ,0.40827915911069645,7,0
20260812,600881.SH,0.3899332795324088,8,1
20260812,600162.SH,0.38568579800980246,9,0
20260812,002329.SZ,0.3800474002773629,10,1
20260812,002031.SZ,0.33479198619601874,11,0
20260812,605179.SH,0.3343186780626604,12,1
20260812,603897.SH,0.20103641897163635,13,0
20260813,002081.SZ,0.7164592504001749,1,1
20260813,001260.SZ,0.6643144860087632,2,1
20260813,002172.SZ,0.6524427038863088,3,1
20260813,603887.SH,0.6146651246933511,4,0
20260813,002437.SZ,0.46445658016085883,5,0
20260813,000692.SZ,0.44674362355997604,6,0
20260813,600881.SH,0.41878793770231776,7,0
20260813,000936.SZ,0.409450885204647,8,1
20260813,603330.SH,0.33798511327693914,9,1
20260813,603191.SH,0.3336489108221176,10,0
20260813,000887.SZ,0.3309786407660107,11,0
20260813,601886.SH,0.3198394534944324,12,0
20260813,603466.SH,0.2989486582608636,13,0
20260813,000593.SZ,0.2621347259656143,14,0
20260814,001260.SZ,0.5682798607024232,1,0
20260814,600613.SH,0.5571074117466969,2,1
20260814,002172.SZ,0.5311392022639005,3,1
20260814,002724.SZ,0.5248495401866902,4,0
20260814,000936.SZ,0.38541772649093614,5,0
20260814,603330.SH,0.3469533544419856,6,1
20260814,002322.SZ,0.3235295524885842,7,0
20260814,002081.SZ,0.2958297313481705,8,1
20260814,603118.SH,0.2782835427837316,9,1
