actual_execution_claimed,actual_exit_date,actual_exit_price,actual_exit_time,actual_net_return,actual_order_fill_observed,blocked_exit_sessions,continuation_limit_up_hit,decision_time,delayed_trading_days,exec_date,execution_bar_end,execution_bar_start,exit_capacity_verified,exit_date,exit_policy_id,exit_reason,exit_time_semantics,exit_validation_status,gross_return,held_limit_up_sessions,industry,market_daily_return,minute_source_files,name,observation_t_return,path_label,price_basis,promotion_rank,proxy_fill,research_only,signal_date,slot_net_return,stage_transition,suspended_exit_sessions,t_close,t_open,timezone,truth_source,ts_code,validation_status,wealth_chain
,,,,,False,,1,,,20260831,,,,20260901,,,,,,,种植业,0.10099009900990086,,新赛股份,0.0,持续强势,,1,0,,20260828,0.0,2→3,,5.56,5.56,,daily_open_proxy,600540.SH,FINAL_NO_FILL_PROXY,
,20260901,28.83,,0.039686888808402716,False,0,1,,,20260831,,,,20260901,,,,,0.04418688880840271,,塑料,0.10000000000000009,,沃特股份,0.05179282868525892,加速一致,,2,1,,20260828,0.039686888808402716,2→3,,29.04,27.61,,daily_open_proxy,002886.SZ,FINAL_VERIFIED_PROXY,
,20260901,12.08,,-0.06515318818040422,False,0,1,,,20260831,,,,20260901,,,,,-0.060653188180404216,,证券Ⅱ,0.09999999999999987,,锦龙股份,0.009331259720062324,持续强势,,3,1,,20260828,-0.06515318818040422,3→4,,12.98,12.86,,daily_open_proxy,000712.SZ,FINAL_VERIFIED_PROXY,
,20260901,6.92,,-0.0339530154277699,False,0,0,,,20260831,,,,20260901,,,,,-0.029453015427769902,,饰品,-0.09936305732484074,,莱绅通灵,-0.008415147265077083,加速一致,,4,1,,20260828,-0.0339530154277699,2→3,,7.07,7.13,,daily_open_proxy,603900.SH,FINAL_VERIFIED_PROXY,
,20260901,3.34,,-0.02502785923753675,False,0,0,,,20260831,,,,20260901,,,,,-0.02052785923753675,,软件开发,-0.07438016528925617,,中安科,-0.014662756598240567,分歧回封,,5,1,,20260828,-0.02502785923753675,2→3,,3.36,3.41,,daily_open_proxy,600654.SH,FINAL_VERIFIED_PROXY,
,20260902,21.1,,0.05102776388194114,False,1,0,,,20260831,,,,20260901,,,,,0.05552776388194114,,农化制品,0.05212816834050682,,新农股份,0.10055027513756887,分歧回封,,6,1,,20260828,0.05102776388194114,3→4,,22.0,19.99,,daily_open_proxy,002942.SZ,FINAL_VERIFIED_PROXY,
,20260901,12.04,,-0.06387500000000007,False,0,0,,,20260831,,,,20260901,,,,,-0.05937500000000007,,中药Ⅱ,-0.08852213053263314,,千金药业,-0.05078125,强转弱,,7,1,,20260828,-0.06387500000000007,3→4,,12.15,12.8,,daily_open_proxy,600479.SH,FINAL_VERIFIED_PROXY,
,,,,,False,,0,,,20260831,,,,20260901,,,,,,,房地产开发,-0.07276119402985082,,香江控股,-0.15762711864406787,分歧回封,,8,0,,20260828,0.0,2→3,,4.97,5.9,,daily_open_proxy,600162.SH,FINAL_NO_FILL_PROXY,
,20260901,25.86,,0.14076129317980518,False,0,1,,,20260831,,,,20260901,,,,,0.14526129317980518,,通用设备,0.10009017132551845,,海鸥股份,0.08060230292294057,加速一致,,9,1,,20260828,0.14076129317980518,2→3,,24.4,22.58,,daily_open_proxy,603269.SH,FINAL_VERIFIED_PROXY,
,20260901,26.95,,-0.006351851851851882,False,0,0,,,20260831,,,,20260901,,,,,-0.0018518518518518823,,专用设备,-0.030741410488245857,,合锻智能,-0.007407407407407418,分歧回封,,10,1,,20260828,-0.006351851851851882,2→3,,26.8,27.0,,daily_open_proxy,603011.SH,FINAL_VERIFIED_PROXY,
,20260907,4.73,,-0.12038785046728978,False,1,0,,,20260903,,,,20260904,,,,,-0.11588785046728978,,游戏Ⅱ,0.01869158878504673,,大晟文化,0.01869158878504673,持续强势,,1,1,,20260902,-0.12038785046728978,3→4,,5.45,5.35,,daily_open_proxy,600892.SH,FINAL_VERIFIED_PROXY,
,20260904,4.77,,-0.1324707495429615,False,0,0,,,20260903,,,,20260904,,,,,-0.1279707495429615,,影视院线,-0.023076923076923106,,欢瑞世纪,-0.07129798903107853,持续强势,,2,1,,20260902,-0.1324707495429615,3→4,,5.08,5.47,,daily_open_proxy,000892.SZ,FINAL_VERIFIED_PROXY,
,,,,,False,,1,,,20260903,,,,20260904,,,,,,,化学制品,0.10027472527472514,,集泰股份,0.0,路径混合,,3,0,,20260902,0.0,3→4,,8.01,8.01,,daily_open_proxy,002909.SZ,FINAL_NO_FILL_PROXY,
,20260904,7.19,,-0.1536124260355029,False,0,0,,,20260903,,,,20260904,,,,,-0.1491124260355029,,化学原料,-0.06423173803526461,,英 力 特,-0.1207100591715976,持续强势,,4,1,,20260902,-0.1536124260355029,2→3,,7.43,8.45,,daily_open_proxy,000635.SZ,FINAL_VERIFIED_PROXY,
,20260904,14.22,,0.09103158705701081,False,0,1,,,20260903,,,,20260904,,,,,0.09553158705701081,,出版,0.10038910505836585,,龙版传媒,0.08936825885978439,持续强势,,5,1,,20260902,0.09103158705701081,3→4,,14.14,12.98,,daily_open_proxy,605577.SH,FINAL_VERIFIED_PROXY,
,20260904,4.61,,-0.02364893617021274,False,0,0,,,20260903,,,,20260904,,,,,-0.019148936170212738,,一般零售,0.06029106029106024,,茂业商业,0.0851063829787233,加速一致,,6,1,,20260902,-0.02364893617021274,2→3,,5.1,4.7,,daily_open_proxy,600828.SH,FINAL_VERIFIED_PROXY,
,20260904,13.93,,0.036606128550074675,False,0,0,,,20260903,,,,20260904,,,,,0.04110612855007467,,通信设备,-0.034048852701702326,,恒宝股份,-0.024663677130044803,分歧回封,,7,1,,20260902,0.036606128550074675,2→3,,13.05,13.38,,daily_open_proxy,002104.SZ,FINAL_VERIFIED_PROXY,
,20260904,9.79,,-0.05860628019323682,False,0,0,,,20260903,,,,20260904,,,,,-0.05410628019323682,,服装家纺,0.030888030888030826,,九牧王,0.03188405797101446,分歧回封,,8,1,,20260902,-0.05860628019323682,2→3,,10.68,10.35,,daily_open_proxy,601566.SH,FINAL_VERIFIED_PROXY,
,20260904,10.0,,-0.05211904761904767,False,0,0,,,20260903,,,,20260904,,,,,-0.04761904761904767,,多元金融,0.0009852216748769127,,香溢融通,-0.0323809523809524,持续强势,,9,1,,20260902,-0.05211904761904767,2→3,,10.16,10.5,,daily_open_proxy,600830.SH,FINAL_VERIFIED_PROXY,
,20260904,25.48,,-0.060796296296296286,False,0,0,,,20260903,,,,20260904,,,,,-0.05629629629629629,,化学制药,-0.07122405153901223,,小方制药,-0.03888888888888886,加速一致,,10,1,,20260902,-0.060796296296296286,2→3,,25.95,27.0,,daily_open_proxy,603207.SH,FINAL_VERIFIED_PROXY,
,20260907,5.77,,-0.0062301038062284,False,0,0,,,20260904,,,,20260907,,,,,-0.0017301038062284002,,旅游及景,-0.01903114186851218,,云南旅游,-0.01903114186851218,加速一致,,1,1,,20260903,-0.0062301038062284,2→3,,5.67,5.78,,daily_open_proxy,002059.SZ,FINAL_VERIFIED_PROXY,
,20260907,3.31,,-0.0014696969696970609,False,0,0,,,20260904,,,,20260907,,,,,0.003030303030302939,,房地产开发,0.04166666666666674,,信达地产,0.06060606060606055,加速一致,,2,1,,20260903,-0.0014696969696970609,2→3,,3.5,3.3,,daily_open_proxy,600657.SH,FINAL_VERIFIED_PROXY,
,20260907,7.95,,-0.05240419161676629,False,0,0,,,20260904,,,,20260907,,,,,-0.04790419161676629,,电网设备,-0.042908224076281476,,太阳电缆,-0.03832335329341319,加速一致,,3,1,,20260903,-0.05240419161676629,2→3,,8.03,8.35,,daily_open_proxy,002300.SZ,FINAL_VERIFIED_PROXY,
,20260907,21.23,,-0.03993843707405725,False,0,0,,,20260904,,,,20260907,,,,,-0.03543843707405725,,航空装备,-0.030909090909090886,,博云新材,-0.03134938664243536,强转弱,,4,1,,20260903,-0.03993843707405725,2→3,,21.32,22.01,,daily_open_proxy,002297.SZ,FINAL_VERIFIED_PROXY,
,20260907,14.99,,-0.03301587815942968,False,0,0,,,20260904,,,,20260907,,,,,-0.028515878159429686,,汽车零部件,-0.019897304236200286,,光洋股份,-0.010369410239792654,强转弱,,5,1,,20260903,-0.03301587815942968,2→3,,15.27,15.43,,daily_open_proxy,002708.SZ,FINAL_VERIFIED_PROXY,
,20260907,33.6,,-0.07964450867052014,False,0,0,,,20260904,,,,20260907,,,,,-0.07514450867052014,,通用设备,-0.045207439198855615,,金帝股份,-0.08147536471235894,弱转强,,6,1,,20260903,-0.07964450867052014,2→3,,33.37,36.33,,daily_open_proxy,603270.SH,FINAL_VERIFIED_PROXY,
,20260908,24.02,,0.012434801016087908,False,0,0,,,20260907,,,,20260908,,,,,0.016934801016087908,,电力,0.08633733867378734,,恒盛能源,0.03344623200677388,加速一致,,1,1,,20260904,0.012434801016087908,2→3,,24.41,23.62,,daily_open_proxy,605580.SH,FINAL_VERIFIED_PROXY,
,20260908,13.65,,0.10525609756097548,False,0,1,,,20260907,,,,20260908,,,,,0.10975609756097549,,小家电,0.10017730496453914,,爱仕达,0.008943089430894169,加速一致,,2,1,,20260904,0.10525609756097548,2→3,,12.41,12.3,,daily_open_proxy,002403.SZ,FINAL_VERIFIED_PROXY,
,20260908,26.7,,-0.002999624906226568,False,0,0,,,20260907,,,,20260908,,,,,0.0015003750937734317,,IT服务Ⅱ,0.04988747186796694,,新炬网络,0.04988747186796694,持续强势,,3,1,,20260904,-0.002999624906226568,2→3,,27.99,26.66,,daily_open_proxy,605398.SH,FINAL_VERIFIED_PROXY,
,,,,,False,,1,,,20260907,,,,20260908,,,,,,,种植业,0.10091743119266039,,亚盛集团,0.0,持续强势,,4,0,,20260904,0.0,2→3,,4.8,4.8,,daily_open_proxy,600108.SH,FINAL_NO_FILL_PROXY,
,20260908,13.74,,0.09734442662389736,False,0,1,,,20260907,,,,20260908,,,,,0.10184442662389737,,一般零售,0.10044052863436126,,百大集团,0.001603849238171584,强转弱,,5,1,,20260904,0.09734442662389736,2→3,,12.49,12.47,,daily_open_proxy,600865.SH,FINAL_VERIFIED_PROXY,
,20260908,14.22,,-0.06464540647719769,False,0,0,,,20260907,,,,20260908,,,,,-0.06014540647719768,,航运港口,-0.0348360655737705,,海通发展,-0.06609385327164574,分歧回封,,6,1,,20260904,-0.06464540647719769,2→3,,14.13,15.13,,daily_open_proxy,603162.SH,FINAL_VERIFIED_PROXY,
,,,,,False,,1,,,20260908,,,,20260909,,,,,,,种植业,0.10000000000000009,,亚盛集团,0.0,加速一致,,1,0,,20260907,0.0,3→4,,5.28,5.28,,daily_open_proxy,600108.SH,FINAL_NO_FILL_PROXY,
,,,,,False,,1,,,20260908,,,,20260909,,,,,,,食品加工,0.10048622366288495,,海欣食品,0.0,加速一致,,2,0,,20260907,0.0,2→3,,6.79,6.79,,daily_open_proxy,002702.SZ,FINAL_NO_FILL_PROXY,
,,,,,False,,1,,,20260908,,,,20260909,,,,,,,小家电,0.09991941982272357,,爱仕达,0.0,持续强势,,3,0,,20260907,0.0,3→4,,13.65,13.65,,daily_open_proxy,002403.SZ,FINAL_NO_FILL_PROXY,
,,,,,False,,0,,,20260908,,,,20260909,,,,,,,饲料,0.036708860759493644,,播恩集团,-0.05753739930955126,加速一致,,4,0,,20260907,0.0,2→3,,16.38,17.38,,daily_open_proxy,001366.SZ,FINAL_NO_FILL_PROXY,
,,,,,False,,1,,,20260908,,,,20260909,,,,,,,一般零售,0.10008006405124092,,百大集团,0.0,弱转强,,5,0,,20260907,0.0,3→4,,13.74,13.74,,daily_open_proxy,600865.SH,FINAL_NO_FILL_PROXY,
,20260909,5.09,,0.011468063872255466,False,0,0,,,20260908,,,,20260909,,,,,0.015968063872255467,,酒店餐饮,0.027131782945736482,,华天酒店,0.05788423153692612,加速一致,,6,1,,20260907,0.011468063872255466,2→3,,5.3,5.01,,daily_open_proxy,000428.SZ,FINAL_VERIFIED_PROXY,
,20260909,6.76,,0.012041353383458412,False,0,0,,,20260908,,,,20260909,,,,,0.016541353383458413,,养殖业,0.010385756676557722,,罗 牛 山,0.02406015037593967,加速一致,,7,1,,20260907,0.012041353383458412,2→3,,6.81,6.65,,daily_open_proxy,000735.SZ,FINAL_VERIFIED_PROXY,
,20260909,10.48,,0.0031923076923076653,False,0,1,,,20260908,,,,20260909,,,,,0.007692307692307665,,种植业,0.09968520461699915,,敦煌种业,0.007692307692307665,弱转强,,8,1,,20260907,0.0031923076923076653,2→3,,10.48,10.4,,daily_open_proxy,600354.SH,FINAL_VERIFIED_PROXY,
,20260909,11.61,,-0.03376421404682289,False,0,0,,,20260908,,,,20260909,,,,,-0.02926421404682289,,渔业,0.03318385650224198,,中水渔业,-0.03678929765886296,加速一致,,9,1,,20260907,-0.03376421404682289,2→3,,11.52,11.96,,daily_open_proxy,000798.SZ,FINAL_VERIFIED_PROXY,
,20260909,5.41,,-0.03147841726618699,False,0,0,,,20260908,,,,20260909,,,,,-0.026978417266186994,,专用设备,-0.0018450184501844769,,天沃科技,-0.026978417266186994,加速一致,,10,1,,20260907,-0.03147841726618699,2→3,,5.41,5.56,,daily_open_proxy,002564.SZ,FINAL_VERIFIED_PROXY,
,20260910,8.95,,0.0673562874251496,False,0,1,,,20260909,,,,20260910,,,,,0.0718562874251496,,一般零售,0.10000000000000009,,中百集团,0.014371257485030098,弱转强,,1,1,,20260908,0.0673562874251496,2→3,,8.47,8.35,,daily_open_proxy,000759.SZ,FINAL_VERIFIED_PROXY,
,20260910,10.81,,0.026988549618320593,False,0,0,,,20260909,,,,20260910,,,,,0.031488549618320594,,种植业,0.04770992366412208,,敦煌种业,0.04770992366412208,加速一致,,2,1,,20260908,0.026988549618320593,3→4,,10.98,10.48,,daily_open_proxy,600354.SH,FINAL_VERIFIED_PROXY,
,,,,,False,,1,,,20260909,,,,20260910,,,,,,,通信设备,0.10017678255745444,,华脉科技,0.0,加速一致,,3,0,,20260908,0.0,2→3,,18.67,18.67,,daily_open_proxy,603042.SH,FINAL_NO_FILL_PROXY,
,20260910,9.69,,0.17147087378640785,False,0,1,,,20260909,,,,20260910,,,,,0.17597087378640786,,旅游及景,0.09987515605493136,,桂林旅游,0.06917475728155353,加速一致,,4,1,,20260908,0.17147087378640785,2→3,,8.81,8.24,,daily_open_proxy,000978.SZ,FINAL_VERIFIED_PROXY,
,20260910,6.83,,-0.03570567375886518,False,0,0,,,20260909,,,,20260910,,,,,-0.031205673758865182,,出版,-0.052482269503546064,,中国出版,-0.052482269503546064,路径混合,,5,1,,20260908,-0.03570567375886518,3→4,,6.68,7.05,,daily_open_proxy,601949.SH,FINAL_VERIFIED_PROXY,
,20260910,6.6,,-0.032482326951399125,False,0,0,,,20260909,,,,20260910,,,,,-0.027982326951399128,,食品加工,-0.050073637702503615,,海欣食品,-0.050073637702503615,分歧回封,,6,1,,20260908,-0.032482326951399125,3→4,,6.45,6.79,,daily_open_proxy,002702.SZ,FINAL_VERIFIED_PROXY,
,20260910,6.6,,-0.09790659340659341,False,0,0,,,20260909,,,,20260910,,,,,-0.09340659340659341,,出版,-0.07818930041152272,,读者传媒,-0.07692307692307698,弱转强,,7,1,,20260908,-0.09790659340659341,2→3,,6.72,7.28,,daily_open_proxy,603999.SH,FINAL_VERIFIED_PROXY,
,20260910,8.6,,-0.04788153503893216,False,0,0,,,20260909,,,,20260910,,,,,-0.04338153503893216,,化学制品,-0.012614678899082743,,集泰股份,-0.04226918798665191,强转弱,,8,1,,20260908,-0.04788153503893216,2→3,,8.61,8.99,,daily_open_proxy,002909.SZ,FINAL_VERIFIED_PROXY,
,20260910,5.0,,-0.09540909090909105,False,0,0,,,20260909,,,,20260910,,,,,-0.09090909090909105,,医疗服务,-0.04125736738703334,,澳洋健康,-0.11272727272727279,强转弱,,9,1,,20260908,-0.09540909090909105,2→3,,4.88,5.5,,daily_open_proxy,002172.SZ,FINAL_VERIFIED_PROXY,
,20260910,17.01,,-0.04564994363021407,False,0,0,,,20260909,,,,20260910,,,,,-0.04114994363021407,,元件,-0.014654161781946118,,中京电子,-0.052423900789177025,加速一致,,10,1,,20260908,-0.04564994363021407,2→3,,16.81,17.74,,daily_open_proxy,002579.SZ,FINAL_VERIFIED_PROXY,
,,,,,False,,0,,,20260910,,,,20260911,,,,,,,综合Ⅱ,0.022935779816513735,,红棉股份,-0.0708333333333333,持续强势,,1,0,,20260909,0.0,2→3,,4.46,4.8,,daily_open_proxy,000523.SZ,FINAL_NO_FILL_PROXY,
,20260911,15.31,,-0.17648485667928598,False,0,0,,,20260910,,,,20260911,,,,,-0.17198485667928598,,通信设备,-0.10016068559185864,,华脉科技,-0.09140075716603557,持续强势,,2,1,,20260909,-0.17648485667928598,3→4,,16.8,18.49,,daily_open_proxy,603042.SH,FINAL_VERIFIED_PROXY,
,20260915,9.99,,-0.12818421052631573,False,2,0,,,20260910,,,,20260911,,,,,-0.12368421052631573,,工业金属,0.06390328151986191,,精艺股份,0.08070175438596494,加速一致,,3,1,,20260909,-0.12818421052631573,2→3,,12.32,11.4,,daily_open_proxy,002295.SZ,FINAL_VERIFIED_PROXY,
,,,,,False,,1,,,20260910,,,,20260911,,,,,,,家居用品,0.10013003901170348,,瑞尔特,0.0,加速一致,,4,0,,20260909,0.0,2→3,,8.46,8.46,,daily_open_proxy,002790.SZ,FINAL_NO_FILL_PROXY,
,20260911,2.51,,-0.10162230215827345,False,0,0,,,20260910,,,,20260911,,,,,-0.09712230215827344,,农化制品,-0.09712230215827344,,金正大,-0.09712230215827344,加速一致,,5,1,,20260909,-0.10162230215827345,3→4,,2.51,2.78,,daily_open_proxy,002470.SZ,FINAL_VERIFIED_PROXY,
,,,,,False,,1,,,20260910,,,,20260911,,,,,,,旅游及景,0.0998864926220202,,桂林旅游,0.0,强转弱,,6,0,,20260909,0.0,3→4,,9.69,9.69,,daily_open_proxy,000978.SZ,FINAL_NO_FILL_PROXY,
,20260911,9.27,,0.031254189944134265,False,0,0,,,20260910,,,,20260911,,,,,0.03575418994413426,,一般零售,0.02597402597402576,,中百集团,-0.029050279329608908,持续强势,,7,1,,20260909,0.031254189944134265,3→4,,8.69,8.95,,daily_open_proxy,000759.SZ,FINAL_VERIFIED_PROXY,
,20260914,5.5,,-0.20040643274853792,False,1,0,,,20260910,,,,20260911,,,,,-0.19590643274853792,,农产品加,0.014040561622464809,,中粮科技,-0.049707602339181256,路径混合,,8,1,,20260909,-0.20040643274853792,2→3,,6.5,6.84,,daily_open_proxy,000930.SZ,FINAL_VERIFIED_PROXY,
,20260911,5.92,,0.09383024118738409,False,0,1,,,20260910,,,,20260911,,,,,0.0983302411873841,,焦炭Ⅱ,0.09959349593495936,,云煤能源,0.0037105751391466324,持续强势,,9,1,,20260909,0.09383024118738409,2→3,,5.41,5.39,,daily_open_proxy,600792.SH,FINAL_VERIFIED_PROXY,
,20260911,4.64,,-0.03783333333333321,False,0,0,,,20260910,,,,20260911,,,,,-0.033333333333333215,,农化制品,-0.10000000000000009,,泸天化,-0.025000000000000022,分歧回封,,10,1,,20260909,-0.03783333333333321,2→3,,4.68,4.8,,daily_open_proxy,000912.SZ,FINAL_VERIFIED_PROXY,
,,,,,False,,1,,,20260911,,,,20260914,dc20_exit_1000_limit_hold_20260912_v1,,,,,,家居用品,0.10047281323877066,,瑞尔特,0.0,持续强势,,1,0,,20260910,0.0,3→4,,9.31,9.31,,daily_open_entry_minute_exit_proxy,002790.SZ,FINAL_NO_FILL_PROXY,
,,,,,False,,0,,,20260911,,,,20260914,dc20_exit_1000_limit_hold_20260912_v1,,,PENDING_EXIT_MISSING_MINUTES,,,炼化及贸,-0.08645533141210382,,国创高新,-0.07848837209302328,弱转强,,2,1,,20260910,,2→3,,3.17,3.44,,daily_open_entry_minute_exit_proxy,002377.SZ,MISSING_T1_TRUTH,
,,,,,False,,0,,,20260911,,,,20260914,dc20_exit_1000_limit_hold_20260912_v1,,,PENDING_EXIT_MISSING_MINUTES,,,化学制品,-0.09860935524652337,,渝三峡Ａ,-0.09860935524652337,弱转强,,3,1,,20260910,,2→3,,7.13,7.91,,daily_open_entry_minute_exit_proxy,000565.SZ,MISSING_T1_TRUTH,
False,20260916,7.1,2026-09-16T09:33:00+08:00,-0.3204922928709057,False,2,0,2026-09-14T10:00:00+08:00,2,20260911,2026-09-16T09:34:00+08:00,2026-09-16T09:33:00+08:00,False,20260914,dc20_exit_1000_limit_hold_20260912_v1,TIME_1000_NEXT_BAR_OPEN,NEXT_BAR_OPEN_MINUTE_PROXY,SETTLED_EXIT_1000_MINUTE_PROXY,-0.3159922928709057,0,种植业,0.008298755186721962,"[{'path': 'data/market/exit_1000_1m/2026/20260914/600359_SH.csv', 'sha256': '1e87292895bc558db88d4f5d4b95afaa83dfda4692a350cd5a35ff8cfe272c99'}, {'path': 'data/market/exit_1000_1m/2026/20260914/600359_SH.meta.json', 'sha256': '7524362b6c022b72ab7b4269a79bc716931174acc529ed453e0149e55d520068'}, {'path': 'data/market/exit_1000_1m/2026/20260915/600359_SH.csv', 'sha256': '22b4b146d3cce8b894abc1f4216dcf546f261cdc57569975209cb91835c4df12'}, {'path': 'data/market/exit_1000_1m/2026/20260915/600359_SH.meta.json', 'sha256': '446b31e97e73486414bb43cd090b342960b08a1d4fc61c5632d0eb0d58424aae'}, {'path': 'data/market/exit_1000_1m/2026/20260916/600359_SH.csv', 'sha256': 'f811a97d5193bf99f07a00a6549dc472f02d258b8a38feee13b9dce745423cf5'}, {'path': 'data/market/exit_1000_1m/2026/20260916/600359_SH.meta.json', 'sha256': '34025f279446a9337d3934b49918f3b39fb2f6816445418f7e6062f6086e0bb8'}]",新农开发,-0.06358381502890176,加速一致,OFFICIAL_DAILY_CLOSE_PRE_CLOSE_WEALTH_CHAIN,4,1,True,20260910,-0.3204922928709057,2→3,0,9.72,10.38,Asia/Shanghai,daily_open_entry_minute_exit_proxy,600359.SH,FINAL_VERIFIED_PROXY,"[{'trade_date': '20260914', 'previous_close': 9.72, 'pre_close': 9.72, 'close': 8.75, 'status': 'PENDING_SELL'}, {'trade_date': '20260915', 'previous_close': 8.75, 'pre_close': 8.75, 'close': 7.88, 'status': 'PENDING_SELL'}, {'trade_date': '20260916', 'previous_close': 7.88, 'pre_close': 7.88, 'close': 7.58, 'status': 'EXIT_MINUTE_PRICE', 'exit_price': 7.1}]"
False,20260914,5.12,2026-09-14T10:00:00+08:00,-0.1396351351351352,False,0,0,2026-09-14T10:00:00+08:00,0,20260911,2026-09-14T10:01:00+08:00,2026-09-14T10:00:00+08:00,False,20260914,dc20_exit_1000_limit_hold_20260912_v1,TIME_1000_NEXT_BAR_OPEN,NEXT_BAR_OPEN_MINUTE_PROXY,SETTLED_EXIT_1000_MINUTE_PROXY,-0.1351351351351352,0,焦炭Ⅱ,-0.04805914972273562,"[{'path': 'data/market/exit_1000_1m/2026/20260914/600792_SH.csv', 'sha256': '9fe6115152298b8ae93d6b522518b8927afdad8c2242202c7ad086fc6385f3a0'}, {'path': 'data/market/exit_1000_1m/2026/20260914/600792_SH.meta.json', 'sha256': '17030be20ffcb56fdc2177d99019d1a984b74569e6151a6681bf530c1c5d51ce'}]",云煤能源,-0.13006756756756754,分歧回封,OFFICIAL_DAILY_CLOSE_PRE_CLOSE_WEALTH_CHAIN,5,1,True,20260910,-0.1396351351351352,3→4,0,5.15,5.92,Asia/Shanghai,daily_open_entry_minute_exit_proxy,600792.SH,FINAL_VERIFIED_PROXY,"[{'trade_date': '20260914', 'previous_close': 5.15, 'pre_close': 5.15, 'close': 4.94, 'status': 'EXIT_MINUTE_PRICE', 'exit_price': 5.12}]"
,,,,,False,,1,,,20260911,,,,20260914,dc20_exit_1000_limit_hold_20260912_v1,,,,,,电力,0.09984152139461178,,闽东电力,0.0,加速一致,,6,0,,20260910,0.0,2→3,,13.88,13.88,,daily_open_entry_minute_exit_proxy,000993.SZ,FINAL_NO_FILL_PROXY,
False,20260914,7.67,2026-09-14T10:00:00+08:00,0.12344117647058822,False,0,1,2026-09-14T10:00:00+08:00,0,20260911,2026-09-14T10:01:00+08:00,2026-09-14T10:00:00+08:00,False,20260914,dc20_exit_1000_limit_hold_20260912_v1,TIME_1000_NEXT_BAR_OPEN,NEXT_BAR_OPEN_MINUTE_PROXY,SETTLED_EXIT_1000_MINUTE_PROXY,0.12794117647058822,0,通信设备,0.10013717421124824,"[{'path': 'data/market/exit_1000_1m/2026/20260914/603421_SH.csv', 'sha256': '0cfddd3ff8b01785cd241410bfc55352844f23e174c1254dc889de629c1ccdc4'}, {'path': 'data/market/exit_1000_1m/2026/20260914/603421_SH.meta.json', 'sha256': 'c1a92d98874ec65f2b20bf1274b12bce4f3a2fb698b6ef12e053fb13cfdbfcd7'}]",鼎信通讯,0.17941176470588238,加速一致,OFFICIAL_DAILY_CLOSE_PRE_CLOSE_WEALTH_CHAIN,7,1,True,20260910,0.12344117647058822,2→3,0,8.02,6.8,Asia/Shanghai,daily_open_entry_minute_exit_proxy,603421.SH,FINAL_VERIFIED_PROXY,"[{'trade_date': '20260914', 'previous_close': 8.02, 'pre_close': 8.02, 'close': 7.5, 'status': 'EXIT_MINUTE_PRICE', 'exit_price': 7.67}]"
,,,,,False,,0,,,20260911,,,,20260914,dc20_exit_1000_limit_hold_20260912_v1,,,PENDING_EXIT_MISSING_MINUTES,,,电网设备,-0.05990783410138245,,长城电工,-0.04112808460634543,加速一致,,8,1,,20260910,,2→3,,8.16,8.51,,daily_open_entry_minute_exit_proxy,600192.SH,MISSING_T1_TRUTH,
False,20260915,7.02,2026-09-15T10:00:00+08:00,-0.10680179028133002,False,0,0,2026-09-15T10:00:00+08:00,0,20260914,2026-09-15T10:01:00+08:00,2026-09-15T10:00:00+08:00,False,20260915,dc20_exit_1000_limit_hold_20260912_v1,TIME_1000_NEXT_BAR_OPEN,NEXT_BAR_OPEN_MINUTE_PROXY,SETTLED_EXIT_1000_MINUTE_PROXY,-0.10230179028133002,0,通信设备,-0.06483790523690769,"[{'path': 'data/market/exit_1000_1m/2026/20260915/603421_SH.csv', 'sha256': 'ba848e68ca39af01537fd6ae2c28da0cc045791f534e25856b86d8d6e2124e76'}, {'path': 'data/market/exit_1000_1m/2026/20260915/603421_SH.meta.json', 'sha256': '3ccfc7cabe75d2900bf7ad21696305ced987a9424525ca28a6d8755b26e3472f'}]",鼎信通讯,-0.04092071611253201,强转弱,OFFICIAL_DAILY_CLOSE_PRE_CLOSE_WEALTH_CHAIN,1,1,True,20260911,-0.10680179028133002,3→4,0,7.5,7.82,Asia/Shanghai,daily_open_entry_minute_exit_proxy,603421.SH,FINAL_VERIFIED_PROXY,"[{'trade_date': '20260915', 'previous_close': 7.5, 'pre_close': 7.5, 'close': 7.58, 'status': 'EXIT_MINUTE_PRICE', 'exit_price': 7.02}]"
,,,,,False,,1,,,20260914,,,,20260915,dc20_exit_1000_limit_hold_20260912_v1,,,,,,计算机设,0.09995746490854951,,中新赛克,0.0,弱转强,,2,0,,20260911,0.0,2→3,,25.86,25.86,,daily_open_entry_minute_exit_proxy,002912.SZ,FINAL_NO_FILL_PROXY,
,,,,,False,,1,,,20260914,,,,20260915,dc20_exit_1000_limit_hold_20260912_v1,,,PENDING_EXIT_MISSING_MINUTES,,,电力,0.10014409221901999,,闽东电力,0.052377670572019364,加速一致,,3,1,,20260911,,3→4,,15.27,14.51,,daily_open_entry_minute_exit_proxy,000993.SZ,MISSING_T1_TRUTH,
,,,,,False,,0,,,20260914,,,,20260915,dc20_exit_1000_limit_hold_20260912_v1,,,PENDING_EXIT_MISSING_MINUTES,,,玻璃玻纤,0.011722272317403082,,九鼎新材,0.0675547098001903,路径混合,,4,1,,20260911,,2→3,,11.22,10.51,,daily_open_entry_minute_exit_proxy,002201.SZ,MISSING_T1_TRUTH,
,,,,,False,,1,,,20260914,,,,20260915,dc20_exit_1000_limit_hold_20260912_v1,,,PENDING_EXIT_MISSING_MINUTES,,,元件,0.10014584346135136,,超声电子,0.08798076923076925,路径混合,,5,1,,20260911,,2→3,,22.63,20.8,,daily_open_entry_minute_exit_proxy,000823.SZ,MISSING_T1_TRUTH,
False,20260915,8.98,2026-09-15T10:00:00+08:00,-0.032638528138528015,False,0,1,2026-09-15T10:00:00+08:00,0,20260914,2026-09-15T10:01:00+08:00,2026-09-15T10:00:00+08:00,False,20260915,dc20_exit_1000_limit_hold_20260912_v1,TIME_1000_NEXT_BAR_OPEN,NEXT_BAR_OPEN_MINUTE_PROXY,SETTLED_EXIT_1000_MINUTE_PROXY,-0.02813852813852802,0,玻璃玻纤,0.10000000000000009,"[{'path': 'data/market/exit_1000_1m/2026/20260915/600876_SH.csv', 'sha256': '647d43b37c6d85df2b4a9fc6ea7062b4122ef3b7ea609a646bc996cdabf27ef8'}, {'path': 'data/market/exit_1000_1m/2026/20260915/600876_SH.meta.json', 'sha256': 'acd2951f28c71a29f6264340e0eebcde5c34ba44fe14a5d5cf8e736346e4c4cc'}]",凯盛新能,0.03571428571428581,加速一致,OFFICIAL_DAILY_CLOSE_PRE_CLOSE_WEALTH_CHAIN,6,1,True,20260911,-0.032638528138528015,2→3,0,9.57,9.24,Asia/Shanghai,daily_open_entry_minute_exit_proxy,600876.SH,FINAL_VERIFIED_PROXY,"[{'trade_date': '20260915', 'previous_close': 9.57, 'pre_close': 9.57, 'close': 8.99, 'status': 'EXIT_MINUTE_PRICE', 'exit_price': 8.98}]"
,,,,,False,,1,,,20260915,,,,20260916,dc20_exit_1000_limit_hold_20260912_v1,,,,,,计算机设,0.10015467904098996,,中新赛克,0.0,持续强势,,1,0,,20260914,0.0,3→4,,28.45,28.45,,daily_open_entry_minute_exit_proxy,002912.SZ,FINAL_NO_FILL_PROXY,
False,20260916,8.84,2026-09-16T10:00:00+08:00,-0.0488243243243242,False,0,0,2026-09-16T10:00:00+08:00,0,20260915,2026-09-16T10:01:00+08:00,2026-09-16T10:00:00+08:00,False,20260916,dc20_exit_1000_limit_hold_20260912_v1,TIME_1000_NEXT_BAR_OPEN,NEXT_BAR_OPEN_MINUTE_PROXY,SETTLED_EXIT_1000_MINUTE_PROXY,-0.044324324324324205,0,玻璃玻纤,-0.06060606060606066,"[{'path': 'data/market/exit_1000_1m/2026/20260916/600876_SH.csv', 'sha256': 'e5aa5ee20d7c5f23b94820471d0127b83365a6e078e6bf29456757d2b712cb32'}, {'path': 'data/market/exit_1000_1m/2026/20260916/600876_SH.meta.json', 'sha256': 'fd6b7bb1d4851ca5d9edd56f9cb9a26d69df65e57a7605f2796710aa115815d9'}]",凯盛新能,-0.028108108108108043,分歧回封,OFFICIAL_DAILY_CLOSE_PRE_CLOSE_WEALTH_CHAIN,2,1,True,20260914,-0.0488243243243242,3→4,0,8.99,9.25,Asia/Shanghai,daily_open_entry_minute_exit_proxy,600876.SH,FINAL_VERIFIED_PROXY,"[{'trade_date': '20260916', 'previous_close': 8.99, 'pre_close': 8.99, 'close': 8.56, 'status': 'EXIT_MINUTE_PRICE', 'exit_price': 8.84}]"
False,20260916,11.6,2026-09-16T10:00:00+08:00,-0.04819332234130263,False,0,0,2026-09-16T10:00:00+08:00,0,20260915,2026-09-16T10:01:00+08:00,2026-09-16T10:00:00+08:00,False,20260916,dc20_exit_1000_limit_hold_20260912_v1,TIME_1000_NEXT_BAR_OPEN,NEXT_BAR_OPEN_MINUTE_PROXY,SETTLED_EXIT_1000_MINUTE_PROXY,-0.04369332234130263,0,环境治理,-0.02292490118577084,"[{'path': 'data/market/exit_1000_1m/2026/20260916/605069_SH.csv', 'sha256': 'fde83ebb8f32ef79c8335d74716d76cd76b69182ba24039305f8fbab75d57b63'}, {'path': 'data/market/exit_1000_1m/2026/20260916/605069_SH.meta.json', 'sha256': '2349a775b7708d6732c1bb19403ebea1cab1b1e5f81634c5c261af9d716a7005'}]",正和生态,0.018961253091508645,持续强势,OFFICIAL_DAILY_CLOSE_PRE_CLOSE_WEALTH_CHAIN,3,1,True,20260914,-0.04819332234130263,2→3,0,12.36,12.13,Asia/Shanghai,daily_open_entry_minute_exit_proxy,605069.SH,FINAL_VERIFIED_PROXY,"[{'trade_date': '20260916', 'previous_close': 12.36, 'pre_close': 12.36, 'close': 12.64, 'status': 'EXIT_MINUTE_PRICE', 'exit_price': 11.6}]"
,,,,,False,,0,,,20260915,,,,20260916,dc20_exit_1000_limit_hold_20260912_v1,,,PENDING_EXIT_MISSING_MINUTES,,,电网设备,0.01981505944517825,,通达股份,0.058984910836762605,加速一致,,4,1,,20260914,,2→3,,7.72,7.29,,daily_open_entry_minute_exit_proxy,002560.SZ,MISSING_T1_TRUTH,
,,,,,False,,0,,,20260915,,,,20260916,dc20_exit_1000_limit_hold_20260912_v1,,,PENDING_EXIT_MISSING_MINUTES,,,汽车零部件,-0.030042918454935785,,众泰汽车,-0.06224066390041505,弱转强,,5,1,,20260914,,2→3,,2.26,2.41,,daily_open_entry_minute_exit_proxy,000980.SZ,MISSING_T1_TRUTH,
,,,,,False,,0,,,20260915,,,,20260916,dc20_exit_1000_limit_hold_20260912_v1,,,PENDING_EXIT_MISSING_MINUTES,,,元件,0.056120194432169646,,超声电子,0.03913043478260869,弱转强,,6,1,,20260914,,3→4,,23.9,23.0,,daily_open_entry_minute_exit_proxy,000823.SZ,MISSING_T1_TRUTH,
,,,,,False,,1,,,20260915,,,,20260916,dc20_exit_1000_limit_hold_20260912_v1,,,PENDING_EXIT_MISSING_MINUTES,,,塑料,0.10036496350364965,,双星新材,0.06537102473498235,路径混合,,7,1,,20260914,,2→3,,12.06,11.32,,daily_open_entry_minute_exit_proxy,002585.SZ,MISSING_T1_TRUTH,
,,,,,False,,1,,,20260915,,,,20260916,dc20_exit_1000_limit_hold_20260912_v1,,,PENDING_EXIT_MISSING_MINUTES,,,元件,0.09989082969432306,,澳弘电子,0.11019283746556474,强转弱,,8,1,,20260914,,2→3,,40.3,36.3,,daily_open_entry_minute_exit_proxy,605058.SH,MISSING_T1_TRUTH,
,,,,,False,,0,,,20260915,,,,20260916,dc20_exit_1000_limit_hold_20260912_v1,,,PENDING_EXIT_MISSING_MINUTES,,,影视院线,-0.020352781546811416,,中视传媒,-0.10864197530864195,加速一致,,9,1,,20260914,,2→3,,14.44,16.2,,daily_open_entry_minute_exit_proxy,600088.SH,MISSING_T1_TRUTH,
,,,,,False,,0,,,20260915,,,,20260916,dc20_exit_1000_limit_hold_20260912_v1,,,,,,中药Ⅱ,0.025380710659898664,,三力制药,-0.06789716545814106,弱转强,,10,0,,20260914,0.0,2→3,,14.14,15.17,,daily_open_entry_minute_exit_proxy,603439.SH,FINAL_NO_FILL_PROXY,
,,,,,False,,0,,,20260916,,,,20260917,dc20_exit_1000_limit_hold_20260912_v1,,,,,,IT服务Ⅱ,-0.05116002379535989,,启明信息,-0.04204204204204198,路径混合,,1,1,,20260915,,2→3,,15.95,16.65,,daily_open_entry_minute_exit_proxy,002232.SZ,PENDING_T1,
,,,,,False,,1,,,20260916,,,,20260917,dc20_exit_1000_limit_hold_20260912_v1,,,,,,元件,0.10000000000000009,,澳弘电子,0.09456790123456793,路径混合,,2,1,,20260915,,3→4,,44.33,40.5,,daily_open_entry_minute_exit_proxy,605058.SH,PENDING_T1,
,,,,,False,,0,,,20260916,,,,20260917,dc20_exit_1000_limit_hold_20260912_v1,,,,,,塑料,0.009121061359867344,,双星新材,0.009121061359867344,持续强势,,3,1,,20260915,,3→4,,12.17,12.06,,daily_open_entry_minute_exit_proxy,002585.SZ,PENDING_T1,
,,,,,False,,0,,,20260916,,,,20260917,dc20_exit_1000_limit_hold_20260912_v1,,,,,,通用设备,-0.012683412086545554,,宏盛股份,-0.05476190476190468,持续强势,,4,1,,20260915,,2→3,,39.7,42.0,,daily_open_entry_minute_exit_proxy,603090.SH,PENDING_T1,
,,,,,False,,,,,20260917,,,,20260918,dc20_exit_1000_limit_hold_20260912_v1,,,,,,电子化学,,,西陇科学,,弱转强,,1,,,20260916,,2→3,,,,,daily_open_entry_minute_exit_proxy,002584.SZ,PENDING_T,
,,,,,False,,,,,20260917,,,,20260918,dc20_exit_1000_limit_hold_20260912_v1,,,,,,家居用品,,,华瓷股份,,路径混合,,2,,,20260916,,2→3,,,,,daily_open_entry_minute_exit_proxy,001216.SZ,PENDING_T,
,,,,,False,,,,,20260917,,,,20260918,dc20_exit_1000_limit_hold_20260912_v1,,,,,,半导体,,,中晶科技,,弱转强,,3,,,20260916,,2→3,,,,,daily_open_entry_minute_exit_proxy,003026.SZ,PENDING_T,
,,,,,False,,,,,20260917,,,,20260918,dc20_exit_1000_limit_hold_20260912_v1,,,,,,包装印刷,,,英联股份,,加速一致,,4,,,20260916,,2→3,,,,,daily_open_entry_minute_exit_proxy,002846.SZ,PENDING_T,
,,,,,False,,,,,20260917,,,,20260918,dc20_exit_1000_limit_hold_20260912_v1,,,,,,风电设备,,,锡华科技,,加速一致,,5,,,20260916,,2→3,,,,,daily_open_entry_minute_exit_proxy,603248.SH,PENDING_T,
,,,,,False,,,,,20260917,,,,20260918,dc20_exit_1000_limit_hold_20260912_v1,,,,,,家居用品,,,德尔未来,,路径混合,,6,,,20260916,,2→3,,,,,daily_open_entry_minute_exit_proxy,002631.SZ,PENDING_T,
,,,,,False,,,,,20260917,,,,20260918,dc20_exit_1000_limit_hold_20260912_v1,,,,,,非白酒,,,会稽山,,路径混合,,7,,,20260916,,2→3,,,,,daily_open_entry_minute_exit_proxy,601579.SH,PENDING_T,
,,,,,False,,,,,20260917,,,,20260918,dc20_exit_1000_limit_hold_20260912_v1,,,,,,自动化设,,,北自科技,,弱转强,,8,,,20260916,,2→3,,,,,daily_open_entry_minute_exit_proxy,603082.SH,PENDING_T,
,,,,,False,,,,,20260917,,,,20260918,dc20_exit_1000_limit_hold_20260912_v1,,,,,,通信设备,,,通鼎互联,,路径混合,,9,,,20260916,,2→3,,,,,daily_open_entry_minute_exit_proxy,002491.SZ,PENDING_T,
